N,P,K,temperature,humidity,ph,rainfall,days_after_transplanting,rain_prob_8h,ndvi_stress,pest_history,zinc_ppm,boron_ppm,sulphur_ppm,iron_ppm,manganese_ppm,copper_ppm,crop_stage,spray_action,nano_urea_dose,pest_intervention
76.28,60.37,39.21,20.12,80.3,6.79,205.45,48,0.46,0.81,0.09,0.689,0.4264,9.809,10.907,5.05,1.774,pre_flowering,Delay,0.0,Monitor
80.92,45.77,35.14,26.47,80.11,6.19,217.51,47,0.38,0.38,0.01,0.55,0.4278,7.815,7.595,6.361,1.132,pre_flowering,Delay,0.0,Bio Control
94.37,49.44,37.01,25.58,80.61,6.94,208.91,78,0.18,0.85,0.12,0.722,0.697,12.636,6.488,3.226,1.44,grain_filling,Basal Only,0.0,Monitor
67.86,45.23,37.9,22.73,82.15,7.28,263.98,26,0.01,0.85,0.17,0.915,0.333,17.232,8.4946,4.797,1.578,tillering,Basal Only,0.0,Monitor
71.87,39.74,38.1,20.4,82.07,7.55,246.06,44,0.0,0.72,0.5,0.528,0.546,2.762,13.964,6.994,1.748,panicle_initiation,Basal Only,0.0,Bio Control
88.87,44.8,36.06,21.28,80.49,6.41,183.31,59,0.07,0.99,0.18,0.6396,0.2786,11.718,11.532,2.935,1.676,flowering,Basal Only,0.0,Monitor
61.9,52.76,43.13,26.47,81.06,6.46,224.16,15,0.16,0.53,0.02,0.5722,0.485,10.479,8.2258,1.651,1.592,tillering,Basal Only,0.0,Bio Control
82.44,42.65,38.09,23.38,81.37,5.15,239.78,110,0.29,0.96,0.66,0.625,0.71,14.221,5.814,1.168,1.058,ripening,Basal Only,0.0,Bio Control
74.73,54.02,36.16,26.3,84.62,6.97,259.27,16,0.1,0.94,0.29,0.6569999999999999,0.514,12.159,5.743,4.798,0.943,tillering,Basal Only,0.0,Bio Control
75.31,53.67,35.92,26.44,84.64,6.98,256.72,19,0.01,0.31,0.28,0.6072,0.4028,7.816,8.868,1.164,1.35,tillering,Basal Only,0.0,Bio Control
83.74,50.11,44.2,25.37,81.29,5.95,182.5,19,0.64,0.62,0.24,0.3097999999999999,0.4800000000000001,9.764,9.927,3.279,1.62,tillering,Basal Only,0.0,Bio Control
64.74,36.98,40.03,23.34,83.54,5.35,190.59,36,0.24,0.98,0.78,0.5566,0.485,7.618,12.885,4.412,1.1,panicle_initiation,Basal Only,0.0,Pesticide
83.14,40.9,43.31,20.98,82.62,6.27,231.0,35,0.08,0.37,0.14,0.5144,0.596,16.042,10.481,4.059,1.679,active_tillering,Spray,2.0,Bio Control
58.91,54.64,43.9,22.82,82.25,7.83,261.67,42,0.3,0.68,0.72,0.159,0.869,11.296,3.59,4.396,1.854,panicle_initiation,Basal Only,0.0,Pesticide
75.02,39.77,43.26,25.15,83.18,5.07,230.43,33,0.45,0.99,0.62,0.6296,0.5018,19.755,11.766,4.111,0.788,active_tillering,Delay,0.0,Bio Control
92.68,56.3,42.03,23.85,82.21,7.39,196.8,36,0.07,0.69,0.06,0.456,0.4766,10.927,8.087,5.59,0.823,panicle_initiation,Basal Only,0.0,Monitor
84.43,58.2,40.9,21.92,80.3,7.04,224.16,33,0.14,0.43,0.79,0.357,0.5896000000000001,8.012,7.171,2.467,1.137,active_tillering,Spray,2.0,Pesticide
84.18,49.61,43.93,25.55,81.26,5.85,178.01,44,0.09,0.71,0.22,0.649,0.764,4.388,9.201,2.852,1.338,panicle_initiation,Basal Only,0.0,Bio Control
83.48,51.04,34.95,22.2,80.69,6.03,197.24,31,0.51,0.44,0.08,0.4745999999999999,0.4786,3.086,7.625399999999999,2.718,0.964,active_tillering,Delay,0.0,Bio Control
94.2,39.3,36.06,24.05,83.06,5.53,286.15,51,0.08,0.66,0.66,0.269,0.53,4.071,18.352,4.962,1.808,pre_flowering,Spray,2.0,Pesticide
85.83,57.33,41.08,21.89,80.32,7.04,228.62,33,0.14,0.35,0.57,0.902,0.589,12.402,10.342,5.061,1.391,active_tillering,Spray,2.0,Pesticide
69.87,36.22,41.91,21.9,80.75,7.06,201.62,99,0.13,0.72,0.49,0.53,0.514,13.489,7.814,4.432,1.218,grain_filling,Basal Only,0.0,Bio Control
99.04,54.73,35.0,21.7,80.34,6.52,277.29,36,0.05,0.66,0.12,0.595,0.449,4.085,9.6052,5.457,0.554,panicle_initiation,Basal Only,0.0,Bio Control
88.19,45.23,36.32,21.23,80.38,6.43,187.39,47,0.07,0.82,0.38,0.7142,0.5342,15.228,11.24,2.151,0.608,pre_flowering,Spray,2.0,Bio Control
84.69,36.69,39.26,24.49,82.52,6.4,221.61,1,0.27,0.74,0.62,0.5599999999999999,0.673,9.026,7.374,6.134,1.326,establishment,Basal Only,0.0,Pesticide
97.06,35.28,45.06,22.34,81.87,6.96,277.44,54,0.15,0.68,0.24,0.604,0.295,11.861,14.145,5.933,0.24,pre_flowering,Spray,2.0,Bio Control
90.35,35.35,45.01,24.63,82.58,5.97,268.29,50,0.19,0.78,0.25,0.327,0.504,18.455,6.327399999999999,4.83,1.656,pre_flowering,Spray,2.0,Bio Control
76.21,40.02,43.02,25.31,83.21,5.09,232.12,52,0.34,0.4,0.0,0.663,0.354,15.236,9.993,6.295,1.129,pre_flowering,Delay,0.0,Bio Control
80.66,53.1,42.09,23.63,81.05,5.25,232.87,118,0.17,0.72,0.14,0.448,0.489,9.992,10.531,1.481,2.659,ripening,Basal Only,0.0,Bio Control
78.83,42.64,38.85,21.55,80.67,7.02,210.87,23,0.38,0.42,0.7,0.6033999999999999,0.206,7.19,9.749,3.066,2.239,tillering,Basal Only,0.0,Pesticide
92.66,53.26,37.96,26.94,81.97,7.09,286.6,43,0.14,0.95,0.35,0.448,0.379,1.517,11.085,2.771,1.118,panicle_initiation,Basal Only,0.0,Bio Control
72.05,45.33,39.75,20.1,82.05,7.2,190.87,55,0.06,0.35,0.79,0.4817999999999999,0.4357999999999999,7.964,6.425,4.81,1.152,pre_flowering,Spray,3.0,Pesticide
63.99,44.97,43.06,25.66,83.56,5.56,210.64,94,0.69,0.6,0.32,0.4373999999999999,0.762,10.25,6.613,2.33,1.648,grain_filling,Basal Only,0.0,Bio Control
89.4,43.51,38.1,23.82,83.92,7.44,239.59,97,0.57,0.79,0.57,0.347,0.468,6.758,4.88,4.86,1.966,grain_filling,Basal Only,0.0,Bio Control
99.47,54.74,34.93,21.68,80.32,6.49,278.06,30,0.16,0.62,0.23,0.761,0.38,10.609,9.806,5.719,0.463,active_tillering,Spray,2.0,Bio Control
80.31,41.02,38.23,22.52,83.93,7.51,201.65,47,0.2,0.36,0.29,0.6407999999999999,0.819,11.546,10.893,4.773,0.396,pre_flowering,Spray,2.0,Bio Control
94.12,49.65,36.82,25.72,80.69,6.98,209.03,47,0.04,0.69,0.15,0.4136,0.219,10.188,9.865,4.197,0.92,pre_flowering,Spray,2.0,Bio Control
81.89,57.85,44.78,25.7,83.48,5.91,245.94,37,0.27,0.75,0.28,0.149,0.1,8.275,13.758,2.417,1.462,panicle_initiation,Basal Only,0.0,Bio Control
82.25,58.4,45.03,25.64,83.52,5.83,244.08,34,0.32,0.79,0.44,0.6882,0.364,11.959,8.382,2.614,1.424,active_tillering,Delay,0.0,Bio Control
76.11,48.77,42.16,24.67,84.35,5.21,196.62,8,0.42,0.56,0.79,0.623,0.39,13.189,10.54,5.549,1.681,establishment,Basal Only,0.0,Pesticide
83.42,58.34,45.25,25.75,83.47,5.85,246.66,38,0.09,0.69,0.53,0.5546000000000001,0.296,6.293,6.8738,4.891,0.66,panicle_initiation,Basal Only,0.0,Bio Control
60.1,35.55,42.93,23.61,83.03,5.24,220.16,42,0.12,0.62,0.16,0.618,0.5192,17.549,7.161,3.745,0.158,panicle_initiation,Basal Only,0.0,Bio Control
94.93,52.21,36.16,26.39,83.8,5.54,285.55,46,0.32,0.77,0.04,0.555,0.524,10.756,10.626,3.215,1.586,pre_flowering,Delay,0.0,Monitor
69.83,36.58,41.99,21.8,80.74,6.93,202.75,56,0.32,0.71,0.1,0.5958,0.378,11.285,11.117,0.964,0.827,flowering,Basal Only,0.0,Monitor
59.16,54.01,43.97,22.94,82.26,7.93,265.14,33,0.05,0.67,0.45,0.7068,0.25,14.387,7.459,2.301,0.292,active_tillering,Spray,4.0,Bio Control
59.59,35.68,43.13,23.48,83.14,5.3,216.54,40,0.08,0.47,0.61,0.6768,0.637,12.249,8.171,6.476,1.265,panicle_initiation,Basal Only,0.0,Pesticide
68.74,55.23,38.1,22.61,82.64,5.65,273.23,4,0.3,0.3,0.75,0.5107999999999999,0.597,15.489,3.543,2.007,1.557,establishment,Basal Only,0.0,Pesticide
89.6,44.92,35.77,21.36,80.47,6.42,184.95,52,0.1,0.42,0.01,0.813,0.5608000000000001,12.492,7.258,4.065,1.145,pre_flowering,Spray,2.0,Bio Control
79.2,42.15,37.22,24.95,82.82,6.63,296.31,88,0.11,0.38,0.42,0.632,0.3364,8.444,11.249,5.21,0.994,grain_filling,Basal Only,0.0,Pesticide
59.0,42.76,44.21,21.14,82.96,7.49,300.37,33,0.45,0.61,0.38,0.192,0.423,12.827,10.241,2.043,1.128,active_tillering,Delay,0.0,Bio Control
91.18,35.03,38.91,23.78,80.48,6.91,204.01,119,0.2,0.73,0.52,0.6218,0.205,6.053,10.002,4.059,1.033,ripening,Basal Only,0.0,Bio Control
73.78,34.94,40.06,26.47,80.1,6.91,241.7,45,0.46,0.45,0.45,0.495,0.355,11.689,8.559,5.113,0.593,pre_flowering,Delay,0.0,Pesticide
80.62,53.47,42.07,23.59,80.99,5.25,233.23,100,0.34,0.96,0.55,0.431,0.4866,11.05,5.708,3.817,0.878,grain_filling,Basal Only,0.0,Bio Control
99.35,55.1,35.04,21.64,80.22,6.52,276.68,37,0.22,0.3,0.53,0.715,0.524,10.263,8.3666,7.816,1.435,panicle_initiation,Basal Only,0.0,Pesticide
93.59,56.14,35.92,23.99,81.96,6.95,188.12,48,0.06,0.84,0.09,0.807,0.437,10.622,10.636,1.464,1.345,pre_flowering,Spray,2.0,Monitor
89.53,53.83,37.9,24.55,83.48,6.7,229.04,38,0.14,0.74,0.64,0.785,0.543,2.732,7.820399999999999,5.282,1.276,panicle_initiation,Basal Only,0.0,Pesticide
90.52,49.8,40.0,20.92,84.1,6.37,229.31,53,0.12,0.56,0.1,0.639,0.255,8.731,9.974,3.558,0.752,pre_flowering,Spray,2.0,Bio Control
92.82,55.83,42.17,23.78,82.29,7.38,195.43,30,0.03,0.34,0.56,0.512,0.3506,11.618,6.717,4.881,1.118,active_tillering,Spray,2.0,Pesticide
85.19,58.16,41.08,21.92,80.34,7.05,224.68,40,0.21,0.74,0.33,0.653,0.465,11.919,1.509,4.418,0.22,panicle_initiation,Basal Only,0.0,Bio Control
67.55,42.83,38.94,26.02,84.98,6.03,186.1,25,0.09,0.57,0.41,0.795,0.681,6.575,11.911,2.774,1.28,tillering,Basal Only,0.0,Bio Control
89.73,44.12,38.11,23.83,83.94,7.44,241.72,88,0.25,0.96,0.72,0.6876,0.542,16.896,6.868,4.121,1.843,grain_filling,Basal Only,0.0,Bio Control
98.89,55.83,34.58,21.65,80.23,6.5,277.42,106,0.2,0.68,0.71,0.539,0.562,7.302,5.639,1.199,0.537,ripening,Basal Only,0.0,Pesticide
60.37,52.35,41.17,24.74,83.92,6.85,204.65,31,0.35,0.96,0.65,0.337,0.583,15.563,10.619,4.645,0.936,active_tillering,Delay,0.0,Bio Control
81.32,39.87,39.74,23.92,84.81,6.28,297.69,7,0.3,0.45,0.41,0.5715999999999999,0.561,13.122,7.146,4.217,1.348,establishment,Basal Only,0.0,Bio Control
94.46,53.48,39.95,20.35,82.91,5.69,239.49,41,0.17,0.81,0.59,0.6188,0.5516,8.292,10.2634,4.694,1.764,panicle_initiation,Basal Only,0.0,Bio Control
76.77,48.84,41.83,24.93,84.44,5.19,197.48,47,0.11,0.73,0.41,0.878,0.719,19.189,10.374,5.281,0.998,pre_flowering,Spray,3.0,Bio Control
87.96,53.18,43.81,25.74,83.71,6.11,236.01,47,0.61,0.82,0.7,0.564,0.515,5.829,6.945200000000002,4.315,0.888,pre_flowering,Delay,0.0,Pesticide
73.57,34.6,38.17,24.94,81.97,5.03,185.98,45,0.39,0.45,0.32,0.801,0.608,15.336,4.029,4.007,0.314,pre_flowering,Delay,0.0,Bio Control
68.21,56.25,42.93,25.93,80.48,5.74,183.27,1,0.35,0.77,0.78,0.7142,0.5342,15.703,12.278,2.567,1.247,establishment,Basal Only,0.0,Pesticide
94.63,54.86,42.05,26.74,82.21,5.94,194.48,53,0.24,0.65,0.75,0.438,0.4298,8.182,10.0278,2.803,2.119,pre_flowering,Delay,0.0,Pesticide
88.21,55.01,44.99,24.71,80.48,7.73,251.64,47,0.32,0.82,0.59,0.5718,0.499,17.466,7.218,5.461,1.325,pre_flowering,Delay,0.0,Bio Control
74.87,35.67,40.07,26.37,80.25,6.93,245.66,36,0.24,0.53,0.22,0.5614,0.804,10.075,8.859,5.811,1.19,panicle_initiation,Basal Only,0.0,Bio Control
84.98,58.13,41.01,21.8,80.33,7.03,226.99,94,0.1,0.92,0.11,0.6878,0.473,12.499,2.716,3.467,1.345,grain_filling,Basal Only,0.0,Monitor
69.89,36.91,41.81,22.92,83.38,7.07,253.73,34,0.3,0.36,0.68,0.924,0.4885999999999999,12.371,9.708,3.864,1.195,active_tillering,Delay,0.0,Pesticide
63.51,60.33,43.15,22.02,81.85,5.75,226.16,18,0.32,0.87,0.13,0.1,0.503,10.596,5.106,2.534,0.834,tillering,Basal Only,0.0,Monitor
74.47,34.11,39.93,26.49,80.14,6.94,245.85,63,0.12,0.9,0.68,0.761,0.357,14.849,9.188,5.442,1.57,flowering,Basal Only,0.0,Bio Control
65.05,60.09,42.77,21.81,81.94,5.71,228.64,45,0.3,0.87,0.39,0.599,0.631,14.771,3.528,4.732,1.302,pre_flowering,Delay,0.0,Bio Control
80.83,45.31,34.94,26.64,80.21,6.19,219.82,26,0.36,0.66,0.33,0.514,0.363,3.332,11.961,6.518,1.208,tillering,Basal Only,0.0,Bio Control
93.05,57.41,38.22,20.54,83.76,6.94,279.93,91,0.17,0.61,0.72,0.6,0.4,17.07,6.386,2.57,0.761,grain_filling,Basal Only,0.0,Pesticide
89.87,35.46,39.13,23.71,80.39,7.04,205.85,54,0.16,1.0,0.48,0.143,0.14,3.719,8.561200000000001,3.271,1.787,pre_flowering,Spray,2.0,Bio Control
90.88,50.14,39.95,20.84,84.13,6.48,232.19,35,0.15,0.46,0.46,0.532,0.5254000000000001,15.846,6.685,4.124,1.499,active_tillering,Spray,2.0,Bio Control
82.2,39.83,39.95,23.95,84.86,6.29,298.79,47,0.33,0.68,0.45,0.659,0.1,16.27,2.936,4.705,0.951,pre_flowering,Delay,0.0,Bio Control
98.84,53.25,37.95,20.17,81.54,5.01,267.22,48,0.56,0.77,0.3,0.905,0.195,6.291,4.827,3.498,1.651,pre_flowering,Delay,0.0,Bio Control
77.71,43.91,42.31,21.33,82.84,7.33,190.49,32,0.12,0.79,0.63,0.5908,0.617,9.351,7.342,2.578,0.976,active_tillering,Spray,3.0,Bio Control
82.54,58.07,45.06,25.8,83.48,5.92,245.36,16,0.32,0.44,0.2,0.402,0.621,6.224,7.901,5.034,0.848,tillering,Basal Only,0.0,Bio Control
64.72,37.1,40.06,23.43,83.51,5.31,188.92,113,0.45,0.76,0.75,0.47,0.557,10.233,6.645,4.81,0.858,ripening,Basal Only,0.0,Pesticide
93.52,55.82,36.15,24.03,82.02,6.94,185.18,31,0.16,0.87,0.72,0.6928000000000001,0.6106,9.814,8.912,2.517,0.403,active_tillering,Spray,2.0,Pesticide
60.19,50.66,36.04,22.66,82.8,6.02,259.0,31,0.19,0.34,0.27,0.652,0.471,14.708,10.006,5.698,1.412,active_tillering,Spray,3.0,Bio Control
73.7,39.33,37.96,23.16,84.56,7.75,229.85,27,0.21,0.94,0.58,0.463,0.4538,17.096,11.976,5.438,0.376,tillering,Basal Only,0.0,Bio Control
94.29,49.66,36.97,25.67,80.77,6.95,209.82,90,0.31,0.32,0.46,0.693,0.5256000000000001,17.481,13.035,3.988,0.647,grain_filling,Basal Only,0.0,Pesticide
67.06,45.03,37.99,22.62,82.19,7.35,257.91,0,0.4,0.55,0.27,0.601,0.751,8.67,8.966,3.911,0.266,establishment,Basal Only,0.0,Bio Control
73.55,34.81,37.99,24.6,82.0,4.99,187.19,34,0.25,0.31,0.79,0.793,0.638,10.259,4.157,4.576,1.161,active_tillering,Delay,0.0,Pesticide
81.6,43.19,38.11,23.33,81.48,5.1,242.16,112,0.07,0.35,0.02,0.5224,0.4452,3.625,7.077,2.594,1.132,ripening,Basal Only,0.0,Bio Control
82.81,58.13,45.01,25.85,83.44,5.88,246.35,55,0.12,0.94,0.2,0.508,0.485,7.574,9.233,3.842,1.053,pre_flowering,Spray,2.0,Monitor
62.78,44.42,41.11,23.94,83.8,5.61,255.62,89,0.34,0.55,0.42,0.494,0.518,15.542,5.316,0.787,0.731,grain_filling,Basal Only,0.0,Bio Control
66.17,57.8,38.99,25.18,80.54,5.37,222.21,55,0.18,0.6,0.42,0.587,0.529,18.47,7.0984,5.027,0.672,pre_flowering,Spray,3.0,Bio Control
81.17,40.89,38.01,22.74,83.78,7.5,202.62,7,0.28,0.45,0.47,0.623,0.436,5.645,9.5,1.614,1.409,establishment,Basal Only,0.0,Pesticide
72.15,44.61,34.7,25.63,82.87,5.77,196.31,33,0.13,0.72,0.6,0.637,0.357,8.534,8.244,5.905,0.952,active_tillering,Spray,3.0,Bio Control
93.0,55.82,42.14,23.86,82.11,7.43,194.88,113,0.15,0.72,0.5,0.581,0.3,11.081,6.8762,3.338,1.342,ripening,Basal Only,0.0,Bio Control
82.87,41.15,43.05,20.98,82.74,6.24,234.06,53,0.12,0.56,0.48,0.528,0.5866,12.461,5.973,3.504,0.802,pre_flowering,Spray,2.0,Bio Control
65.2,53.3,41.15,25.06,80.55,7.71,255.84,8,0.24,0.53,0.04,0.269,0.804,7.557,7.663,2.921,1.281,establishment,Basal Only,0.0,Bio Control
80.76,52.63,41.57,23.81,80.97,5.2,235.11,33,0.2,0.92,0.3,0.487,0.595,13.108,7.130199999999999,3.397,1.786,active_tillering,Spray,2.0,Bio Control
98.81,55.35,35.31,21.66,80.18,6.48,280.67,39,0.07,0.57,0.19,0.6135999999999999,0.377,9.068,11.249,5.786,1.464,panicle_initiation,Basal Only,0.0,Bio Control
61.54,42.54,35.98,22.7,82.15,6.39,250.47,35,0.14,0.65,0.21,0.5534,0.4911999999999999,11.135,11.713,0.317,1.014,active_tillering,Spray,3.0,Bio Control
59.91,49.17,44.16,20.73,84.41,6.22,238.88,36,0.05,0.5,0.44,0.6272,0.732,13.658,2.492,5.588,1.316,panicle_initiation,Basal Only,0.0,Bio Control
94.23,50.75,36.85,25.57,80.78,6.94,210.18,15,0.34,0.85,0.16,0.669,0.5780000000000001,11.229,5.426,4.273,1.092,tillering,Basal Only,0.0,Monitor
86.07,51.69,45.09,26.33,82.3,7.2,263.41,71,0.53,0.58,0.24,0.5276,0.491,9.236,3.611,2.11,1.204,grain_filling,Basal Only,0.0,Bio Control
76.1,46.5,41.84,20.25,83.34,5.66,264.58,45,0.17,0.66,0.19,0.618,0.5406,10.707,6.32,2.295,1.053,pre_flowering,Spray,3.0,Bio Control
81.15,52.29,41.91,23.71,81.01,5.21,234.44,41,0.44,0.48,0.76,0.637,0.606,10.802,8.133,6.147,1.126,panicle_initiation,Basal Only,0.0,Pesticide
60.96,52.6,41.28,24.95,83.94,6.93,201.73,102,0.61,0.99,0.76,0.564,0.551,9.535,7.3348,2.476,1.295,ripening,Basal Only,0.0,Pesticide
87.91,54.26,37.97,24.49,83.5,6.71,228.54,44,0.08,0.5,0.49,0.4822,0.641,10.035,5.45,2.185,0.753,panicle_initiation,Basal Only,0.0,Pesticide
83.98,49.98,44.03,25.33,81.39,5.89,182.19,52,0.37,0.84,0.74,0.574,0.3808,18.394,5.187,5.392,0.743,pre_flowering,Delay,0.0,Pesticide
90.03,42.11,43.13,20.97,82.01,6.5,202.44,33,0.1,0.6,0.63,0.6736,0.669,13.724,9.063,4.274,0.575,active_tillering,Spray,2.0,Pesticide
95.4,52.55,40.07,20.27,82.82,5.72,239.99,51,0.26,0.44,0.47,1.122,0.384,9.87,8.622,2.487,0.48,pre_flowering,Delay,0.0,Pesticide
83.89,50.98,44.02,25.47,81.46,5.96,183.29,23,0.07,0.86,0.01,0.5698000000000001,0.717,14.336,6.09,4.103,0.652,tillering,Basal Only,0.0,Monitor
93.17,58.05,38.05,20.93,83.74,6.96,279.96,36,0.28,0.53,0.62,0.646,0.516,9.698,8.966,2.364,1.272,panicle_initiation,Basal Only,0.0,Pesticide
90.98,53.04,40.36,26.56,81.4,5.36,264.3,117,0.33,0.91,0.56,0.572,0.854,16.479,6.651,5.341,0.798,ripening,Basal Only,0.0,Bio Control
67.34,57.29,42.99,26.01,80.31,5.71,181.66,54,0.24,0.94,0.49,0.5724,0.356,12.863,9.2754,5.286,1.431,pre_flowering,Delay,0.0,Bio Control
94.65,53.19,40.03,20.24,82.71,5.74,243.69,88,0.37,0.9,0.61,0.6966,0.792,10.717,8.474,4.545,1.216,grain_filling,Basal Only,0.0,Bio Control
88.43,54.09,44.16,25.85,83.87,6.2,235.85,101,0.14,0.32,0.41,0.745,0.516,13.215,12.689,4.306,0.314,ripening,Basal Only,0.0,Pesticide
88.45,53.68,44.16,25.75,84.06,6.18,232.34,69,0.08,0.85,0.56,0.754,0.363,4.131,4.241,6.266,1.495,flowering,Basal Only,0.0,Bio Control
84.48,37.19,39.18,24.38,82.79,6.39,223.67,16,0.36,0.59,0.75,0.38,0.393,6.13,11.055,3.8,1.565,tillering,Basal Only,0.0,Pesticide
78.8,42.75,42.09,20.22,81.6,7.63,263.52,43,0.05,0.91,0.3,0.889,0.422,5.827,10.996,2.145,0.753,panicle_initiation,Basal Only,0.0,Bio Control
61.2,42.54,35.83,22.71,82.05,6.48,248.13,31,0.27,0.75,0.57,0.272,0.3986,11.843,4.726,4.429,1.389,active_tillering,Delay,0.0,Bio Control
97.33,50.64,41.24,24.72,80.55,7.09,260.03,101,0.3,0.88,0.38,0.5498,0.574,18.996,11.02,6.72,0.815,ripening,Basal Only,0.0,Bio Control
70.24,54.8,37.83,22.82,82.68,5.67,272.54,33,0.14,0.65,0.54,0.5544,0.377,21.241,13.321,2.379,1.244,active_tillering,Spray,3.0,Bio Control
78.44,41.6,37.04,24.83,82.76,6.64,292.48,51,0.23,0.67,0.61,0.5672,0.476,14.071,9.0096,3.294,0.631,pre_flowering,Delay,0.0,Pesticide
66.68,44.95,37.89,22.86,82.25,7.33,263.05,80,0.24,0.4,0.04,0.455,0.5744,13.454,9.631200000000002,4.383,0.393,grain_filling,Basal Only,0.0,Bio Control
90.06,46.02,41.99,23.99,81.5,7.49,250.2,76,0.06,0.85,0.52,0.602,0.791,3.095,11.657,3.725,1.028,grain_filling,Basal Only,0.0,Bio Control
97.71,53.44,38.05,20.35,81.69,5.0,269.77,44,0.11,0.59,0.18,0.469,0.559,8.758,9.269,2.425,1.144,panicle_initiation,Basal Only,0.0,Bio Control
84.12,36.32,39.05,24.58,82.77,6.37,224.53,98,0.41,0.65,0.54,0.239,0.487,7.655,10.165,5.371,1.021,grain_filling,Basal Only,0.0,Pesticide
74.04,39.61,38.06,23.16,84.59,7.8,232.98,0,0.41,0.85,0.37,0.595,0.3676,8.406,8.935999999999998,7.048,0.667,establishment,Basal Only,0.0,Bio Control
66.4,58.94,41.24,21.88,81.02,6.02,210.52,33,0.08,0.72,0.62,0.6856000000000001,0.59,10.443,10.1138,4.075,1.02,active_tillering,Spray,3.0,Bio Control
83.27,57.83,45.07,25.86,83.56,5.89,248.11,56,0.09,0.44,0.1,0.684,0.296,9.076,4.155,2.534,1.321,flowering,Basal Only,0.0,Bio Control
83.48,49.59,43.96,25.45,81.38,6.0,182.72,67,0.16,0.71,0.5,0.378,0.434,2.293,11.751,1.631,1.18,flowering,Basal Only,0.0,Bio Control
99.88,56.34,35.14,26.72,81.14,6.0,273.03,48,0.5,0.59,0.22,0.921,0.18,14.566,7.818599999999999,4.161,1.282,pre_flowering,Delay,0.0,Bio Control
77.56,35.33,44.18,26.45,84.68,7.08,185.18,37,0.13,0.63,0.68,0.5438000000000001,0.552,6.373,7.666,5.345,0.898,panicle_initiation,Basal Only,0.0,Pesticide
81.82,40.03,39.82,23.87,84.92,6.31,296.89,31,0.36,0.32,0.74,0.509,0.596,12.277,8.607600000000001,4.465,1.727,active_tillering,Delay,0.0,Pesticide
66.46,59.48,38.09,22.29,83.38,6.33,232.51,44,0.06,0.45,0.8,0.759,0.432,20.533,3.5,3.797,0.671,panicle_initiation,Basal Only,0.0,Pesticide
92.3,52.48,38.1,26.82,81.81,7.08,290.24,27,0.18,0.5,0.64,0.309,0.763,7.063,10.046,2.975,1.419,tillering,Basal Only,0.0,Pesticide
88.13,53.87,43.96,25.74,83.89,6.22,234.52,35,0.49,0.8,0.6,0.63,0.259,0.1,8.5734,2.271,1.732,active_tillering,Delay,0.0,Bio Control
76.74,47.67,42.2,20.22,83.29,5.73,260.15,106,0.1,0.31,0.17,0.868,0.6928000000000001,9.913,8.201,4.969,1.416,ripening,Basal Only,0.0,Bio Control
77.09,34.9,43.98,26.54,84.69,7.04,183.46,119,0.03,0.59,0.27,0.226,0.4538,16.154,11.998,5.079,1.109,ripening,Basal Only,0.0,Bio Control
76.1,48.4,42.02,25.0,84.5,5.18,195.97,32,0.06,0.95,0.37,0.6486,0.668,20.013,7.331,1.636,0.962,active_tillering,Spray,3.0,Bio Control
73.15,34.9,37.97,24.78,81.96,4.97,186.66,117,0.4,0.38,0.62,0.637,0.783,5.667,10.207,6.026,1.666,ripening,Basal Only,0.0,Pesticide
60.44,54.89,44.0,23.05,82.43,7.81,264.74,0,0.08,0.66,0.73,0.752,0.397,13.435,10.2266,4.604,0.56,establishment,Basal Only,0.0,Pesticide
89.3,40.92,42.84,20.86,81.89,6.49,201.77,24,0.1,0.85,0.15,0.308,0.674,9.106,8.325,5.759,0.763,tillering,Basal Only,0.0,Monitor
77.25,41.98,41.79,20.23,81.55,7.58,261.55,48,0.13,0.96,0.74,0.289,0.473,10.723,7.842,1.921,1.021,pre_flowering,Spray,3.0,Bio Control
91.3,49.91,40.24,20.94,84.13,6.46,230.04,71,0.02,0.82,0.56,0.695,0.449,23.1,9.121,1.888,1.757,grain_filling,Basal Only,0.0,Bio Control
93.17,56.28,35.87,24.27,81.94,7.02,183.81,49,0.22,0.8,0.49,0.645,0.4911999999999999,4.437,7.218,3.591,1.371,pre_flowering,Delay,0.0,Bio Control
97.14,59.74,42.85,26.42,84.03,6.25,272.74,53,0.18,0.88,0.16,0.635,0.597,12.342,7.979,4.504,0.764,pre_flowering,Spray,2.0,Monitor
89.2,54.45,37.68,24.55,83.65,6.74,229.84,41,0.15,0.61,0.04,0.4928,0.196,13.305,11.043,6.315,1.06,panicle_initiation,Basal Only,0.0,Monitor
76.61,35.89,36.91,26.9,81.46,6.15,189.81,108,0.39,0.86,0.45,0.43,0.5287999999999999,16.086,8.6458,4.789,0.924,ripening,Basal Only,0.0,Bio Control
94.13,49.56,36.8,25.63,80.68,6.99,208.97,55,0.03,0.31,0.52,0.631,0.501,11.641,6.460800000000001,3.46,0.881,pre_flowering,Spray,2.0,Pesticide
91.17,51.03,40.24,20.86,84.04,6.44,228.52,51,0.07,0.95,0.17,0.5786,0.367,12.586,13.999,2.363,1.641,pre_flowering,Spray,2.0,Monitor
63.59,45.02,43.15,25.6,83.48,5.57,207.22,51,0.2,0.61,0.45,0.423,0.551,9.438,12.821,5.522,0.583,pre_flowering,Spray,3.0,Bio Control
68.06,47.01,43.9,26.75,81.76,7.83,278.37,36,0.09,0.69,0.69,0.99,0.569,12.411,4.265,2.449,1.924,panicle_initiation,Basal Only,0.0,Pesticide
60.27,35.99,43.33,23.56,83.04,5.32,220.08,47,0.48,0.48,0.67,0.684,0.527,9.656,10.607,6.08,1.573,pre_flowering,Delay,0.0,Pesticide
92.32,58.08,38.15,20.51,83.87,6.94,281.72,6,0.21,0.82,0.74,0.318,0.381,13.997,6.79,3.402,1.691,establishment,Basal Only,0.0,Pesticide
88.37,45.94,41.95,22.8,83.5,6.63,194.78,77,0.28,0.35,0.29,0.724,0.359,9.537,10.0796,6.027,0.992,grain_filling,Basal Only,0.0,Bio Control
75.45,59.77,38.63,20.18,80.27,6.72,207.59,35,0.01,0.91,0.25,0.6018,0.475,12.897,9.342,4.751,1.133,active_tillering,Spray,3.0,Monitor
88.45,45.78,42.34,22.67,83.48,6.57,195.01,53,0.37,0.88,0.6,0.6355999999999999,0.691,11.068,7.65,3.608,0.555,pre_flowering,Delay,0.0,Bio Control
74.66,34.99,39.79,26.28,80.19,7.0,242.11,39,0.2,0.45,0.34,0.835,0.387,16.267,5.892,3.073,0.964,panicle_initiation,Basal Only,0.0,Bio Control
77.53,39.78,37.76,26.4,83.94,7.52,247.09,40,0.36,0.87,0.07,0.6526,0.413,10.969,6.19,3.323,1.422,panicle_initiation,Basal Only,0.0,Monitor
67.55,58.71,41.15,22.08,81.09,6.03,211.46,33,0.11,0.85,0.23,0.5,0.619,3.221,5.468,4.4,1.783,active_tillering,Spray,3.0,Bio Control
94.23,50.04,37.36,25.66,80.59,6.9,206.71,41,0.57,0.74,0.33,0.671,0.1,16.879,5.738,3.908,0.702,panicle_initiation,Basal Only,0.0,Bio Control
83.47,59.9,36.21,25.5,80.09,6.93,200.2,52,0.63,0.56,0.23,0.761,0.687,7.124,8.185,2.969,1.036,pre_flowering,Delay,0.0,Bio Control
61.08,49.6,44.08,20.73,84.41,6.2,240.34,30,0.16,0.49,0.27,0.997,0.167,8.258,6.11,3.568,1.132,active_tillering,Spray,3.0,Bio Control
94.86,53.94,42.09,26.88,82.13,5.97,193.19,34,0.33,0.46,0.24,0.621,0.5888000000000001,8.52,10.583,3.91,0.572,active_tillering,Delay,0.0,Bio Control
77.57,58.44,44.13,26.86,80.92,5.13,283.75,53,0.03,0.52,0.03,0.6950000000000001,0.278,17.385,13.159,0.82,1.466,pre_flowering,Spray,3.0,Bio Control
91.5,35.5,40.11,22.16,80.4,6.33,198.54,87,0.42,0.93,0.51,0.384,0.247,1.589,6.544,4.441,0.874,grain_filling,Basal Only,0.0,Bio Control
60.54,51.17,41.04,24.94,83.89,6.9,205.8,34,0.1,0.35,0.48,0.401,0.4301999999999999,25.32,9.166,2.428,1.112,active_tillering,Spray,3.0,Pesticide
70.96,45.86,40.02,20.24,82.1,7.25,189.79,31,0.19,0.88,0.52,0.7578,0.5932,15.952,9.999,2.185,0.997,active_tillering,Spray,3.0,Bio Control
66.19,59.85,37.99,21.99,83.48,6.35,233.01,45,0.05,0.54,0.15,0.655,0.542,12.205,9.91,1.438,0.845,pre_flowering,Spray,3.0,Bio Control
97.16,49.44,40.89,24.69,80.49,7.03,258.62,34,0.33,0.67,0.24,0.5599999999999999,0.5014,10.953,8.877799999999999,1.289,1.197,active_tillering,Delay,0.0,Bio Control
99.47,40.69,35.96,24.43,82.9,6.67,181.33,90,0.33,0.86,0.5,0.5795999999999999,0.566,12.485,10.777,1.902,1.103,grain_filling,Basal Only,0.0,Bio Control
64.01,44.55,42.75,25.75,83.41,5.55,207.49,38,0.26,0.92,0.48,0.583,0.3461999999999999,13.545,9.943,2.807,1.033,panicle_initiation,Basal Only,0.0,Bio Control
85.82,52.7,44.99,26.47,82.38,7.17,264.71,38,0.09,0.54,0.41,0.9,0.249,14.103,4.439,6.535,0.872,panicle_initiation,Basal Only,0.0,Bio Control
82.85,58.38,44.85,25.85,83.66,5.88,247.26,110,0.28,0.62,0.28,0.522,0.4721999999999999,13.7,11.181,3.064,1.344,ripening,Basal Only,0.0,Bio Control
75.54,54.51,37.84,25.61,83.47,7.11,218.22,41,0.01,0.59,0.73,1.178,0.391,11.603,11.239,4.049,1.944,panicle_initiation,Basal Only,0.0,Pesticide
69.36,37.29,42.03,23.1,83.36,7.1,252.66,88,0.68,0.31,0.27,0.718,0.2,10.312,5.957,4.361,1.263,grain_filling,Basal Only,0.0,Bio Control
96.51,49.55,41.21,24.53,80.52,7.06,261.12,43,0.25,0.51,0.36,0.391,0.403,10.519,8.933,3.983,1.648,panicle_initiation,Basal Only,0.0,Bio Control
96.39,49.79,41.14,24.44,80.53,7.06,258.45,106,0.37,0.62,0.54,0.6058,0.441,10.323,10.587,3.692,0.574,ripening,Basal Only,0.0,Pesticide
82.27,40.2,39.77,23.86,84.91,6.3,298.02,78,0.33,0.59,0.43,0.686,0.633,16.302,7.73,2.127,1.271,grain_filling,Basal Only,0.0,Bio Control
66.87,42.51,38.85,25.93,84.81,6.01,185.47,30,0.23,0.81,0.28,0.6379999999999999,0.417,13.871,11.834,5.831,0.706,active_tillering,Delay,0.0,Bio Control
84.41,51.29,35.14,22.42,80.75,6.05,200.16,116,0.19,0.57,0.35,0.737,0.417,0.1,15.964,6.33,0.535,ripening,Basal Only,0.0,Bio Control
83.27,57.9,44.85,25.71,83.42,5.89,243.7,118,0.15,0.64,0.64,0.6232,0.5162,14.152,5.885,1.444,0.867,ripening,Basal Only,0.0,Pesticide
74.96,53.85,35.97,26.31,84.55,6.97,258.96,34,0.37,0.6,0.22,0.564,0.3535999999999999,12.076,8.4596,2.366,1.736,active_tillering,Delay,0.0,Bio Control
89.52,44.29,38.08,23.86,83.85,7.5,242.67,37,0.25,0.82,0.11,0.607,0.549,11.116,9.372,3.408,1.628,panicle_initiation,Basal Only,0.0,Monitor
80.14,53.18,41.86,23.65,81.08,5.2,236.7,34,0.01,0.9,0.25,0.247,0.557,9.452,10.709,2.45,1.309,active_tillering,Spray,2.0,Monitor
82.75,57.86,45.02,25.81,83.4,5.84,244.99,73,0.12,0.67,0.68,0.482,0.665,16.259,7.223000000000001,4.508,0.51,grain_filling,Basal Only,0.0,Pesticide
93.49,47.46,36.8,21.49,82.17,6.49,297.09,4,0.43,0.85,0.07,0.768,0.523,15.464,7.530200000000001,2.78,1.112,establishment,Basal Only,0.0,Monitor
90.12,41.57,42.91,20.97,82.15,6.5,206.68,38,0.58,0.51,0.79,0.6479999999999999,0.433,7.722,10.1232,6.831,1.336,panicle_initiation,Basal Only,0.0,Pesticide
96.29,59.25,43.05,26.23,83.95,6.28,270.35,33,0.5,0.68,0.43,0.306,0.4236000000000001,13.032,10.617,5.467,1.279,active_tillering,Delay,0.0,Bio Control
83.1,58.24,44.76,25.77,83.53,5.89,243.14,43,0.19,0.54,0.79,0.693,0.467,6.828,7.8376,4.098,0.37,panicle_initiation,Basal Only,0.0,Pesticide
67.22,46.88,44.07,26.92,81.74,7.92,277.32,88,0.33,0.59,0.75,0.665,0.5448000000000001,4.992,13.902,5.238,0.799,grain_filling,Basal Only,0.0,Pesticide
59.5,55.13,44.0,22.9,82.35,7.88,265.13,31,0.3,0.81,0.36,0.5601999999999999,0.611,8.38,14.776,5.348,1.171,active_tillering,Delay,0.0,Bio Control
91.09,55.5,37.08,23.36,80.57,6.32,266.42,51,0.11,0.92,0.16,0.6672,0.489,15.081,5.947,3.01,1.441,pre_flowering,Spray,2.0,Monitor
67.03,45.37,38.03,22.78,82.12,7.32,260.28,41,0.44,0.39,0.13,0.7278,0.612,15.489,6.641,2.657,0.212,panicle_initiation,Basal Only,0.0,Bio Control
96.35,58.93,43.2,26.38,84.08,6.34,272.08,33,0.07,0.74,0.19,0.329,0.4714,13.509,11.151,3.909,1.127,active_tillering,Spray,2.0,Bio Control
89.2,53.79,38.02,24.55,83.66,6.7,230.75,53,0.18,0.71,0.57,0.659,0.4475999999999999,14.463,7.161,5.006,1.264,pre_flowering,Spray,2.0,Bio Control
83.32,58.42,44.94,25.8,83.5,5.92,246.36,65,0.25,0.38,0.22,0.6359999999999999,0.5596,13.523,8.255,3.995,1.582,flowering,Basal Only,0.0,Bio Control
99.61,56.72,35.02,26.82,81.23,6.03,272.66,10,0.19,0.45,0.27,0.818,0.5450000000000002,8.313,8.481,1.592,1.512,establishment,Basal Only,0.0,Bio Control
93.6,46.44,37.08,21.64,82.05,6.54,298.02,105,0.26,0.52,0.36,0.812,0.4644,13.144,2.257,2.676,1.462,ripening,Basal Only,0.0,Bio Control
59.22,35.38,43.01,23.47,82.99,5.3,218.34,53,0.06,0.42,0.73,0.277,0.66,14.802,8.356,3.696,0.84,pre_flowering,Spray,4.0,Pesticide
81.47,40.24,40.01,23.81,84.85,6.31,297.45,113,0.03,0.47,0.15,0.374,0.4559999999999999,14.594,6.193,3.694,0.341,ripening,Basal Only,0.0,Bio Control
83.29,40.49,42.9,21.12,82.78,6.26,231.84,115,0.13,0.49,0.0,0.693,0.5364000000000001,16.55,6.822,6.562,1.023,ripening,Basal Only,0.0,Bio Control
77.29,36.7,36.9,27.07,81.49,6.14,195.94,68,0.33,0.53,0.05,0.693,0.455,14.387,5.9308,1.86,1.651,flowering,Basal Only,0.0,Bio Control
71.29,45.17,39.79,20.27,82.1,7.22,193.43,10,0.18,0.82,0.72,0.6981999999999999,0.679,12.782,10.7346,4.508,1.827,establishment,Basal Only,0.0,Pesticide
94.19,35.68,40.26,22.08,80.33,6.41,200.83,109,0.3,0.7,0.52,0.6858,0.293,16.016,11.002,5.885,1.52,ripening,Basal Only,0.0,Bio Control
88.32,46.08,41.82,22.79,83.37,6.58,196.21,38,0.55,0.99,0.22,0.706,0.5002,11.081,7.507,6.98,1.393,panicle_initiation,Basal Only,0.0,Monitor
84.64,49.96,43.9,25.47,81.45,5.99,180.72,61,0.09,0.59,0.14,0.83,0.29,7.232,7.505,3.234,1.371,flowering,Basal Only,0.0,Bio Control
76.54,59.78,38.89,19.83,80.41,6.78,211.32,91,0.08,0.83,0.24,0.79,0.5814,10.466,10.929,4.488,0.95,grain_filling,Basal Only,0.0,Bio Control
83.37,58.16,45.13,25.84,83.49,5.82,248.16,78,0.19,0.91,0.09,0.517,0.4054,7.848,9.488,4.598,1.141,grain_filling,Basal Only,0.0,Monitor
90.82,35.98,44.96,24.39,82.42,5.96,269.18,45,0.29,0.78,0.75,0.511,0.446,8.162,10.226,4.074,1.951,pre_flowering,Delay,0.0,Pesticide
76.43,60.44,39.19,20.04,80.37,6.69,211.5,45,0.23,0.59,0.63,0.747,0.5298,10.55,11.498,3.662,0.776,pre_flowering,Delay,0.0,Pesticide
89.56,46.05,41.9,24.01,81.42,7.53,247.37,79,0.04,0.83,0.37,0.631,0.637,7.634,7.34,4.41,1.927,grain_filling,Basal Only,0.0,Bio Control
59.87,43.06,44.04,21.04,82.95,7.45,297.54,34,0.19,0.44,0.69,0.4194,0.569,9.814,6.441,0.255,1.055,active_tillering,Spray,4.0,Pesticide
84.72,57.85,40.88,21.84,80.47,7.02,225.45,120,0.08,0.53,0.2,0.473,0.507,2.679,4.928,4.755,1.796,ripening,Basal Only,0.0,Bio Control
60.05,54.98,44.32,22.96,82.3,7.84,265.15,39,0.31,0.68,0.57,0.598,0.546,12.16,7.945399999999999,3.977,0.567,panicle_initiation,Basal Only,0.0,Bio Control
76.31,38.12,38.82,23.5,84.77,6.29,282.21,68,0.15,0.7,0.68,0.5824,0.368,11.205,5.4398,3.489,1.464,flowering,Basal Only,0.0,Pesticide
66.94,56.31,43.05,26.06,80.33,5.69,184.15,38,0.28,0.32,0.29,0.5948,0.47,7.523,12.383,6.666,0.868,panicle_initiation,Basal Only,0.0,Bio Control
71.39,45.46,40.09,20.35,82.18,7.2,194.2,43,0.54,0.96,0.61,0.6540000000000001,0.516,14.167,4.077,2.855,0.563,panicle_initiation,Basal Only,0.0,Bio Control
84.08,58.3,41.06,21.83,80.31,7.09,227.8,42,0.27,0.79,0.24,0.225,0.669,15.419,4.168,3.236,1.298,panicle_initiation,Basal Only,0.0,Bio Control
84.73,58.07,40.97,21.68,80.27,7.11,227.12,56,0.46,0.65,0.24,0.5644,0.679,3.966,8.9972,6.588,1.654,flowering,Basal Only,0.0,Bio Control
90.62,43.93,37.98,23.94,83.98,7.47,239.58,21,0.41,0.95,0.09,0.564,0.554,7.768,10.151,2.635,0.82,tillering,Basal Only,0.0,Monitor
65.04,60.01,43.01,21.92,82.0,5.7,225.97,57,0.05,0.61,0.35,0.594,0.595,7.739,10.156,3.03,0.525,flowering,Basal Only,0.0,Bio Control
81.39,43.14,37.98,23.37,81.39,5.15,244.37,35,0.06,0.99,0.58,0.717,0.5284000000000001,6.97,7.584,3.594,1.159,active_tillering,Spray,2.0,Bio Control
87.59,45.78,42.14,22.72,83.33,6.58,195.54,56,0.13,0.66,0.75,0.423,0.774,14.933,7.999,4.977,1.161,flowering,Basal Only,0.0,Pesticide
93.39,46.69,37.33,21.72,82.21,6.48,295.86,39,0.47,0.38,0.48,0.506,0.274,10.328,9.449,4.091,1.447,panicle_initiation,Basal Only,0.0,Pesticide
89.59,42.08,42.92,20.86,81.95,6.55,202.25,52,0.11,0.84,0.69,0.5222,0.5256,10.01,8.675,1.99,1.627,pre_flowering,Spray,2.0,Bio Control
77.12,37.61,35.8,21.83,80.25,6.02,221.23,49,0.32,0.78,0.66,0.5208,0.344,2.183,1.298,3.055,1.173,pre_flowering,Delay,0.0,Pesticide
85.03,58.16,40.99,21.77,80.18,7.06,224.9,70,0.2,0.84,0.14,0.59,0.4864,14.059,7.381,2.95,2.035,flowering,Basal Only,0.0,Monitor
92.63,55.32,42.38,23.83,82.29,7.35,198.23,107,0.25,0.97,0.39,0.437,0.539,5.623,8.281600000000001,3.692,1.301,ripening,Basal Only,0.0,Bio Control
83.22,40.41,39.88,23.91,84.73,6.34,296.46,43,0.04,0.84,0.09,1.052,0.538,11.47,8.961,4.396,1.044,panicle_initiation,Basal Only,0.0,Monitor
91.36,50.19,40.24,20.66,84.19,6.44,230.53,31,0.18,0.73,0.55,0.719,0.556,12.448,17.953,4.385,0.475,active_tillering,Spray,2.0,Bio Control
90.85,35.1,40.25,22.07,80.33,6.35,201.74,36,0.22,0.9,0.76,0.134,0.77,17.323,9.576,1.314,1.082,panicle_initiation,Basal Only,0.0,Pesticide
91.11,56.39,36.92,23.33,80.5,6.38,267.45,45,0.25,0.77,0.11,0.5662,0.562,5.31,7.397,5.29,1.049,pre_flowering,Delay,0.0,Monitor
91.62,35.67,40.08,22.27,80.3,6.41,200.39,81,0.16,0.59,0.59,0.5968,0.446,0.1,11.35,4.154,1.632,grain_filling,Basal Only,0.0,Pesticide
86.48,59.41,35.24,25.96,82.16,6.98,245.05,5,0.24,0.92,0.51,0.768,0.4532,12.027,9.945,5.738,1.408,establishment,Basal Only,0.0,Bio Control
94.55,51.26,35.94,26.22,83.84,5.56,286.53,21,0.21,0.46,0.47,0.6022000000000001,0.5436,19.302,9.744,4.422,0.669,tillering,Basal Only,0.0,Pesticide
74.93,53.49,35.97,26.28,84.61,7.04,262.2,11,0.13,0.8,0.31,0.646,0.3481999999999999,16.775,10.342,5.342,1.278,establishment,Basal Only,0.0,Bio Control
75.29,37.75,38.91,23.45,84.94,6.22,281.2,49,0.36,0.92,0.28,0.6954,0.588,12.143,14.981,4.453,1.502,pre_flowering,Delay,0.0,Bio Control
85.49,38.01,40.85,21.7,82.68,6.27,278.39,87,0.08,0.81,0.04,0.7056,0.606,8.988,4.781,5.685,1.888,grain_filling,Basal Only,0.0,Monitor
94.32,39.21,35.9,23.77,83.27,5.47,284.97,19,0.52,0.79,0.17,0.7868,0.426,14.832,9.916,4.531,1.599,tillering,Basal Only,0.0,Bio Control
82.81,40.71,42.82,21.08,82.69,6.24,234.37,80,0.33,0.83,0.01,0.506,0.4666,6.819,5.436,3.663,1.542,grain_filling,Basal Only,0.0,Monitor
68.73,46.07,41.01,23.74,80.22,5.02,263.83,48,0.01,0.63,0.47,0.476,0.453,13.344,7.9108,6.981,1.227,pre_flowering,Spray,3.0,Bio Control
59.63,54.7,44.89,21.46,83.23,5.89,286.37,84,0.19,0.91,0.08,0.436,0.503,13.475,5.46,5.045,1.375,grain_filling,Basal Only,0.0,Monitor
92.0,55.75,37.03,23.45,80.56,6.38,269.88,33,0.36,0.44,0.7,0.968,0.5814,15.971,7.064,4.603,1.762,active_tillering,Delay,0.0,Pesticide
66.23,59.44,37.77,22.19,83.54,6.37,228.69,32,0.45,0.39,0.42,0.5864,0.483,23.618,9.7532,2.013,0.6,active_tillering,Delay,0.0,Pesticide
90.28,52.63,40.05,26.26,81.41,5.45,265.6,60,0.32,0.5,0.56,0.5529999999999999,0.283,12.966,11.523,1.996,1.043,flowering,Basal Only,0.0,Pesticide
60.52,47.46,39.12,24.35,80.41,7.1,231.58,39,0.31,0.67,0.33,0.782,0.5728000000000001,8.91,11.339,4.21,0.852,panicle_initiation,Basal Only,0.0,Bio Control
94.2,46.61,36.7,21.47,82.04,6.48,296.97,33,0.18,0.66,0.45,1.047,0.767,11.085,6.722800000000001,4.004,1.371,active_tillering,Spray,2.0,Bio Control
79.59,42.42,37.06,24.69,82.84,6.58,297.34,32,0.15,0.87,0.75,0.484,0.328,3.239,8.576,2.94,1.754,active_tillering,Spray,3.0,Pesticide
70.14,45.62,40.18,20.33,82.03,7.23,192.56,25,0.25,0.58,0.07,0.246,0.5643999999999999,8.074,6.129,3.997,0.931,tillering,Basal Only,0.0,Bio Control
90.73,57.06,36.82,23.57,80.59,6.35,269.75,101,0.15,0.64,0.2,0.473,0.1,9.358,9.756,6.024,0.124,ripening,Basal Only,0.0,Bio Control
81.72,41.2,38.25,22.66,83.79,7.53,199.47,80,0.32,0.31,0.62,0.859,0.365,8.842,7.706,4.774,1.015,grain_filling,Basal Only,0.0,Pesticide
80.6,45.07,35.06,26.62,80.09,6.13,217.75,51,0.08,0.59,0.08,0.424,0.242,11.886,7.413,2.203,1.611,pre_flowering,Spray,2.0,Bio Control
60.25,54.66,43.9,23.17,82.13,7.8,265.91,35,0.14,0.75,0.06,0.509,0.776,7.499,6.627000000000001,3.644,1.442,active_tillering,Spray,3.0,Monitor
88.44,35.28,39.99,23.71,83.6,5.88,293.65,33,0.41,0.31,0.29,0.75,0.662,16.245,9.785,2.673,1.393,active_tillering,Delay,0.0,Bio Control
70.47,45.77,40.08,20.44,82.15,7.26,191.56,62,0.18,0.5,0.07,0.376,0.356,11.201,3.992,3.257,1.074,flowering,Basal Only,0.0,Bio Control
94.97,55.05,42.01,26.87,82.18,5.92,193.42,4,0.34,0.45,0.47,0.5264,0.885,11.158,5.1006,3.221,0.624,establishment,Basal Only,0.0,Pesticide
75.16,39.03,36.08,21.87,80.28,5.99,223.07,26,0.25,0.33,0.18,0.1,0.5022,9.724,9.6242,3.131,1.432,tillering,Basal Only,0.0,Bio Control
90.42,49.96,39.86,20.67,84.06,6.44,232.15,52,0.05,0.64,0.72,0.355,0.422,11.898,15.083,2.043,0.825,pre_flowering,Spray,2.0,Pesticide
98.86,54.46,37.03,21.12,80.38,5.6,199.76,38,0.11,0.43,0.63,0.524,0.1,14.913,3.325,3.621,2.183,panicle_initiation,Basal Only,0.0,Pesticide
76.29,37.72,35.79,21.78,80.28,5.98,227.74,29,0.03,0.82,0.56,0.305,0.892,7.298,2.384,3.015,1.457,tillering,Basal Only,0.0,Bio Control
88.93,34.99,39.98,23.8,83.46,5.85,289.86,23,0.23,0.89,0.49,0.939,0.4606,8.238,14.387,0.1,0.939,tillering,Basal Only,0.0,Bio Control
87.19,46.71,41.87,22.67,83.49,6.62,193.65,40,0.24,0.68,0.69,0.6714,0.184,9.833,9.647,6.674,0.925,panicle_initiation,Basal Only,0.0,Pesticide
60.75,51.75,40.89,24.99,83.86,6.86,205.18,79,0.18,0.99,0.18,0.6251999999999999,0.5314000000000001,5.144,5.621,5.324,1.158,grain_filling,Basal Only,0.0,Monitor
76.07,60.73,39.18,20.1,80.34,6.76,209.64,97,0.08,0.62,0.7,0.609,0.5948,7.513,10.111,3.273,1.092,grain_filling,Basal Only,0.0,Pesticide
85.82,37.28,39.16,24.53,82.76,6.36,224.32,54,0.11,0.66,0.63,0.897,0.5184,9.057,0.1,3.826,1.703,pre_flowering,Spray,2.0,Pesticide
62.19,43.77,41.09,24.34,83.69,5.56,255.6,50,0.09,0.99,0.6,0.7068,0.582,15.135,8.411,2.16,1.284,pre_flowering,Spray,3.0,Bio Control
60.66,43.25,43.84,20.96,82.9,7.41,299.85,15,0.35,0.46,0.45,0.5436,0.587,12.382,9.768,6.174,0.871,tillering,Basal Only,0.0,Pesticide
72.01,45.39,34.95,25.45,82.95,5.7,196.54,49,0.52,0.96,0.2,0.582,0.634,12.071,7.369399999999999,6.456,2.051,pre_flowering,Delay,0.0,Monitor
89.44,42.25,43.18,20.81,81.92,6.49,201.43,72,0.03,0.33,0.34,0.364,0.4958,15.029,5.156,4.019,1.222,grain_filling,Basal Only,0.0,Bio Control
91.26,52.37,40.02,26.4,81.34,5.38,266.84,35,0.54,0.61,0.63,0.682,0.531,10.582,8.674,5.233,1.546,active_tillering,Delay,0.0,Pesticide
90.11,43.71,38.34,23.77,83.93,7.46,243.12,33,0.04,0.35,0.03,0.5538000000000001,0.499,12.957,5.439,4.045,0.926,active_tillering,Spray,2.0,Bio Control
73.66,53.9,38.06,25.65,83.39,7.11,217.6,33,0.18,0.81,0.63,0.557,0.469,10.736,9.217,1.929,1.363,active_tillering,Spray,3.0,Bio Control
81.04,52.97,42.03,23.63,81.08,5.18,233.83,18,0.26,0.73,0.19,0.6448,0.503,12.394,5.535,3.223,1.34,tillering,Basal Only,0.0,Bio Control
87.78,55.25,44.95,24.57,80.45,7.75,254.63,2,0.17,0.79,0.12,0.495,0.429,8.578,7.094,3.985,0.35,establishment,Basal Only,0.0,Monitor
67.06,59.07,41.02,21.81,80.85,6.04,211.94,105,0.14,0.56,0.09,0.5038,0.175,0.225,5.213,3.164,2.107,ripening,Basal Only,0.0,Bio Control
73.38,56.46,40.98,21.44,84.9,5.8,272.25,35,0.07,0.56,0.02,0.726,0.462,10.596,10.484,3.494,1.781,active_tillering,Spray,3.0,Monitor
78.9,40.15,38.11,26.31,83.94,7.51,244.7,79,0.11,0.33,0.42,0.7752,0.4904,17.602,11.147,3.672,1.021,grain_filling,Basal Only,0.0,Pesticide
63.3,45.24,43.14,25.71,83.46,5.5,211.34,31,0.54,0.54,0.17,0.308,0.5080000000000001,15.368,7.649,3.687,0.704,active_tillering,Delay,0.0,Bio Control
79.21,35.22,43.88,26.55,84.64,7.05,181.06,35,0.32,0.95,0.79,1.049,0.512,15.544,8.522,3.873,1.356,active_tillering,Delay,0.0,Pesticide
67.89,55.43,37.8,22.56,82.67,5.69,273.79,42,0.19,0.57,0.46,0.151,0.731,16.763,3.765,2.315,1.239,panicle_initiation,Basal Only,0.0,Bio Control
59.91,48.33,38.73,24.25,80.36,7.01,230.54,33,0.38,0.88,0.11,0.5696,0.645,11.599,7.441,2.796,1.36,active_tillering,Delay,0.0,Monitor
91.33,50.18,40.08,20.75,84.12,6.42,229.88,74,0.36,0.89,0.55,0.5778,0.197,12.088,8.239,2.002,1.286,grain_filling,Basal Only,0.0,Bio Control
99.16,54.97,34.84,21.76,80.2,6.49,276.93,95,0.42,0.56,0.72,0.5807999999999999,0.5134000000000001,8.421,16.787,5.169,1.428,grain_filling,Basal Only,0.0,Pesticide
84.65,57.33,40.68,21.9,80.42,7.04,226.18,65,0.12,0.74,0.6,0.443,0.649,9.778,10.0824,0.852,1.851,flowering,Basal Only,0.0,Bio Control
89.88,42.17,43.06,20.69,82.13,6.52,205.26,33,0.19,0.37,0.06,0.534,0.303,13.971,13.085,5.415,1.456,active_tillering,Spray,2.0,Bio Control
73.72,39.08,38.37,23.25,84.66,7.76,228.96,44,0.22,0.37,0.72,0.472,0.44,16.617,11.59,5.741,0.728,panicle_initiation,Basal Only,0.0,Pesticide
89.67,46.11,42.0,23.96,81.46,7.49,252.18,77,0.18,0.33,0.64,0.45,0.579,10.572,9.298,3.377,1.813,grain_filling,Basal Only,0.0,Pesticide
69.48,45.49,41.12,23.71,80.23,4.98,263.66,40,0.18,0.71,0.13,0.767,0.306,9.174,14.028,0.156,1.938,panicle_initiation,Basal Only,0.0,Bio Control
99.2,56.57,35.01,26.78,81.12,5.96,270.32,31,0.26,0.6,0.04,0.5756,0.398,11.202,9.591,3.294,2.618,active_tillering,Delay,0.0,Bio Control
91.61,35.42,39.99,22.1,80.37,6.33,198.32,113,0.15,0.68,0.45,0.428,0.24,13.905,9.645,3.71,0.694,ripening,Basal Only,0.0,Bio Control
89.51,53.98,38.14,24.48,83.57,6.71,233.2,52,0.44,0.66,0.12,0.778,0.5782,4.703,8.23,2.385,1.309,pre_flowering,Delay,0.0,Bio Control
78.17,35.27,43.96,26.46,84.77,7.01,182.07,34,0.16,0.55,0.67,0.648,0.538,0.867,12.315,3.079,0.263,active_tillering,Spray,3.0,Pesticide
77.46,38.01,36.04,21.97,80.24,5.94,222.66,115,0.28,0.77,0.29,0.759,0.193,8.723,11.909,5.942,1.449,ripening,Basal Only,0.0,Bio Control
74.36,39.01,38.05,23.24,84.48,7.79,234.91,74,0.13,0.83,0.73,0.6407999999999999,0.559,5.707,6.398,4.731,0.953,grain_filling,Basal Only,0.0,Pesticide
80.53,41.38,37.9,22.87,83.8,7.53,201.47,115,0.41,0.31,0.45,0.5197999999999999,0.476,8.913,4.178,2.506,2.066,ripening,Basal Only,0.0,Pesticide
59.68,54.79,44.15,23.0,82.25,7.94,262.43,32,0.1,0.45,0.15,0.457,0.579,10.535,8.497800000000002,1.563,0.851,active_tillering,Spray,4.0,Bio Control
88.42,35.04,39.97,23.51,83.56,5.87,291.65,37,0.07,0.8,0.11,0.6846,0.52,9.16,5.84,3.342,0.44,panicle_initiation,Basal Only,0.0,Monitor
83.35,40.81,42.89,20.9,82.7,6.22,231.43,6,0.2,0.57,0.46,0.714,0.726,17.736,8.197,3.501,0.988,establishment,Basal Only,0.0,Bio Control
64.99,59.83,43.08,21.79,82.04,5.65,229.17,95,0.57,0.76,0.61,0.6574,0.4444,12.67,12.36,4.495,0.311,grain_filling,Basal Only,0.0,Pesticide
85.07,36.88,38.87,24.37,82.96,6.3,226.42,89,0.2,0.54,0.63,0.606,0.403,12.552,7.442800000000001,3.051,1.538,grain_filling,Basal Only,0.0,Pesticide
83.73,41.09,43.0,21.08,82.72,6.25,233.98,36,0.17,0.57,0.22,0.6542,0.502,14.0,8.263,4.516,0.271,panicle_initiation,Basal Only,0.0,Bio Control
74.66,53.81,36.0,26.35,84.56,6.99,258.08,103,0.26,0.41,0.16,0.45,0.578,6.075,8.586,6.509,1.213,ripening,Basal Only,0.0,Bio Control
67.31,45.5,38.16,22.57,82.21,7.33,263.78,30,0.2,0.48,0.01,0.7,0.489,15.876,6.0809999999999995,4.942,0.265,active_tillering,Spray,3.0,Bio Control
94.89,54.64,42.07,26.88,82.21,5.93,193.35,38,0.27,0.72,0.54,0.6954,0.487,10.859,1.21,3.733,1.056,panicle_initiation,Basal Only,0.0,Bio Control
94.88,38.93,36.0,23.82,83.13,5.56,283.31,51,0.31,0.6,0.06,0.532,0.3716,14.217,6.459,3.544,1.94,pre_flowering,Delay,0.0,Bio Control
67.62,42.82,39.12,26.06,85.1,5.98,187.49,71,0.04,0.84,0.34,0.822,0.361,6.377,9.076,3.301,1.362,grain_filling,Basal Only,0.0,Bio Control
78.47,35.58,44.21,26.7,84.69,7.14,187.04,28,0.28,0.9,0.48,0.762,0.5572,4.208,12.24,5.453,0.811,tillering,Basal Only,0.0,Bio Control
81.46,53.08,42.08,23.77,81.07,5.17,232.04,71,0.37,0.68,0.75,0.759,0.5316000000000001,14.881,5.343000000000001,2.922,1.186,grain_filling,Basal Only,0.0,Pesticide
78.74,35.41,44.0,26.52,84.72,7.14,183.03,89,0.34,0.83,0.25,0.867,0.4932,12.894,2.395,3.863,1.208,grain_filling,Basal Only,0.0,Bio Control
98.01,46.4,36.81,23.4,81.36,7.41,224.74,81,0.19,0.51,0.2,0.6108,0.355,7.141,6.732000000000001,3.872,1.413,grain_filling,Basal Only,0.0,Bio Control
81.39,45.11,34.84,26.31,80.18,6.18,218.83,34,0.18,0.59,0.52,0.6762,0.351,7.287,6.367,3.098,0.585,active_tillering,Spray,2.0,Bio Control
90.82,35.36,38.95,23.72,80.37,6.98,204.65,79,0.33,0.8,0.5,0.4946,0.6076,16.264,4.593,1.879,1.467,grain_filling,Basal Only,0.0,Bio Control
72.18,45.03,34.91,25.41,82.91,5.77,197.2,45,0.34,0.57,0.27,0.651,0.427,5.848,6.402,4.252,0.1,pre_flowering,Delay,0.0,Bio Control
98.93,41.43,35.97,24.36,82.67,6.67,186.37,3,0.21,0.71,0.74,0.739,0.705,18.592,8.1886,3.715,0.917,establishment,Basal Only,0.0,Pesticide
65.06,59.79,43.01,21.96,81.93,5.65,227.69,35,0.09,0.43,0.68,0.601,0.5016,7.147,6.465,4.5,0.98,active_tillering,Spray,3.0,Pesticide
88.34,54.57,44.08,25.74,83.94,6.18,231.65,64,0.12,0.72,0.18,0.711,0.53,14.073,1.342,3.053,1.485,flowering,Basal Only,0.0,Bio Control
80.54,41.92,37.99,22.66,83.76,7.52,198.37,35,0.36,0.9,0.19,0.5995999999999999,0.33,9.721,11.271,5.509,1.21,active_tillering,Delay,0.0,Monitor
73.19,39.85,38.07,20.35,82.33,7.54,245.57,30,0.1,0.91,0.41,1.04,0.866,13.914,12.48,2.573,0.567,active_tillering,Spray,3.0,Bio Control
61.43,41.82,36.01,22.8,82.07,6.43,250.53,5,0.18,0.81,0.62,0.5386,0.266,8.751,10.485,6.197,0.757,establishment,Basal Only,0.0,Bio Control
64.31,37.58,39.71,23.4,83.64,5.4,189.19,38,0.16,0.82,0.04,0.399,0.536,10.467,4.759,1.353,1.289,panicle_initiation,Basal Only,0.0,Monitor
85.66,37.63,38.86,24.42,82.66,6.41,224.67,16,0.25,0.69,0.55,0.835,0.594,11.384,7.755,4.409,1.164,tillering,Basal Only,0.0,Bio Control
86.45,58.79,34.98,25.93,82.08,6.94,242.55,11,0.62,0.71,0.52,0.754,0.554,6.69,8.379,4.466,0.939,establishment,Basal Only,0.0,Bio Control
85.35,36.83,38.82,24.52,82.79,6.4,222.88,108,0.54,0.39,0.19,0.717,0.447,14.534,6.4096,2.686,0.984,ripening,Basal Only,0.0,Bio Control
93.36,55.89,36.09,24.02,82.12,6.97,186.65,55,0.12,0.61,0.55,0.718,0.47,8.891,10.539,4.394,1.513,pre_flowering,Spray,2.0,Bio Control
88.99,44.46,36.23,21.4,80.45,6.38,187.0,22,0.1,0.62,0.75,0.6428,0.488,10.171,6.051,5.591,0.967,tillering,Basal Only,0.0,Pesticide
73.49,38.63,38.18,23.26,84.59,7.75,230.51,30,0.49,0.97,0.04,0.383,0.454,6.725,8.662,0.696,1.16,active_tillering,Delay,0.0,Monitor
88.04,34.6,39.97,23.67,83.48,5.91,293.91,63,0.27,0.6,0.26,0.597,0.447,0.1,9.863,4.504,2.176,flowering,Basal Only,0.0,Bio Control
93.62,52.69,40.22,20.31,82.87,5.71,242.92,30,0.74,0.68,0.35,0.431,0.5079999999999999,10.34,9.9884,0.309,0.559,active_tillering,Delay,0.0,Bio Control
69.55,54.99,38.02,22.65,82.7,5.69,273.62,53,0.22,0.67,0.72,0.687,0.38,22.057,10.654,2.448,0.367,pre_flowering,Delay,0.0,Pesticide
98.92,54.09,36.95,21.18,80.38,5.58,196.47,36,0.31,0.75,0.77,0.548,0.233,14.731,8.2776,6.081,1.553,panicle_initiation,Basal Only,0.0,Pesticide
84.53,38.62,40.91,21.47,82.82,6.32,274.42,67,0.61,0.82,0.36,0.398,0.464,11.113,5.5878,2.986,0.895,flowering,Basal Only,0.0,Bio Control
84.82,36.6,38.96,24.54,82.74,6.42,224.43,102,0.11,0.46,0.6,0.5517999999999998,0.944,10.017,12.913,2.157,1.057,ripening,Basal Only,0.0,Pesticide
74.23,39.39,37.94,23.24,84.59,7.86,233.87,34,0.19,0.67,0.43,0.671,0.5712,11.301,5.2126,3.523,0.848,active_tillering,Spray,3.0,Bio Control
96.68,35.91,45.03,22.21,81.81,6.93,281.03,109,0.19,0.88,0.43,0.5656000000000001,0.775,13.662,5.645,6.695,1.083,ripening,Basal Only,0.0,Bio Control
70.53,45.98,40.02,20.27,82.17,7.25,193.11,85,0.11,0.62,0.22,0.399,0.4164,5.886,8.4906,1.236,1.919,grain_filling,Basal Only,0.0,Bio Control
66.14,60.27,38.0,21.9,83.5,6.32,231.34,32,0.03,0.49,0.17,0.634,0.38,16.214,10.633,2.328,1.561,active_tillering,Spray,3.0,Bio Control
76.14,39.55,43.06,25.1,83.15,5.12,229.7,51,0.4,0.76,0.23,0.6028,0.582,14.419,6.982,5.896,1.588,pre_flowering,Delay,0.0,Bio Control
83.71,51.15,35.18,22.31,80.61,6.0,200.0,27,0.14,0.88,0.45,0.468,0.773,14.432,6.866,6.401,0.563,tillering,Basal Only,0.0,Bio Control
94.73,39.07,36.14,23.88,83.0,5.57,283.67,104,0.03,0.34,0.02,0.476,0.412,13.173,9.349,3.655,0.682,ripening,Basal Only,0.0,Bio Control
60.13,36.2,42.78,23.33,83.14,5.25,222.58,41,0.26,0.84,0.73,0.631,0.443,11.288,9.882,2.065,0.1,panicle_initiation,Basal Only,0.0,Pesticide
64.18,60.12,42.62,22.1,81.86,5.64,226.9,32,0.38,0.88,0.13,0.261,0.375,14.228,9.031,6.734,0.836,active_tillering,Delay,0.0,Monitor
93.2,53.98,40.14,20.19,82.83,5.69,244.58,88,0.06,0.62,0.18,0.27,0.297,13.863,9.396,6.032,1.631,grain_filling,Basal Only,0.0,Bio Control
96.59,58.74,42.8,26.46,84.09,6.26,272.47,2,0.32,0.99,0.41,0.422,0.363,9.607,13.84,4.751,1.433,establishment,Basal Only,0.0,Bio Control
96.88,58.79,42.97,26.4,84.02,6.27,271.13,30,0.36,0.85,0.57,0.533,0.26,8.619,11.829,2.663,1.1,active_tillering,Delay,0.0,Bio Control
60.18,54.75,44.83,21.34,83.41,5.92,286.72,115,0.07,0.84,0.08,0.7933999999999999,0.486,11.658,9.01,3.731,1.19,ripening,Basal Only,0.0,Monitor
89.84,44.78,35.73,21.5,80.52,6.47,184.94,51,0.08,0.82,0.25,0.905,0.341,18.171,11.412,3.575,0.89,pre_flowering,Spray,2.0,Bio Control
84.49,50.74,35.08,22.18,80.69,6.0,198.68,34,0.04,0.41,0.77,0.7068000000000001,0.522,5.624,5.096,4.263,1.292,active_tillering,Spray,2.0,Pesticide
92.91,47.48,37.11,21.63,82.04,6.51,296.05,38,0.22,0.45,0.21,0.545,0.6058,4.596,9.673,5.831,1.545,panicle_initiation,Basal Only,0.0,Bio Control
96.99,50.57,40.91,24.63,80.63,7.12,259.29,98,0.05,0.62,0.25,0.576,0.54,11.941,14.19,5.031,0.473,grain_filling,Basal Only,0.0,Bio Control
69.43,35.77,41.62,21.77,80.75,6.93,202.11,31,0.2,0.48,0.67,0.5112,0.63,11.429,7.702,2.292,1.335,active_tillering,Spray,3.0,Pesticide
92.99,46.67,36.92,21.67,82.11,6.47,296.05,33,0.05,0.59,0.04,0.576,0.4533999999999999,11.98,5.688,5.727,1.62,active_tillering,Spray,2.0,Monitor
68.84,46.19,41.06,23.62,80.3,5.0,259.62,54,0.56,0.92,0.37,0.516,0.5513999999999999,12.298,6.313,4.238,1.013,pre_flowering,Delay,0.0,Bio Control
72.18,39.78,37.78,20.44,82.08,7.64,245.9,5,0.17,0.88,0.3,0.6318,0.6005999999999999,10.196,4.913,4.762,1.515,establishment,Basal Only,0.0,Bio Control
73.53,39.25,38.03,23.27,84.62,7.79,231.44,54,0.06,0.74,0.25,0.398,0.262,17.904,5.889,5.853,2.467,pre_flowering,Spray,3.0,Bio Control
77.29,38.08,36.0,21.85,80.12,5.93,222.66,3,0.37,0.9,0.23,0.694,0.781,3.996,9.0628,2.244,1.153,establishment,Basal Only,0.0,Bio Control
74.87,34.39,40.09,26.57,80.06,7.0,240.1,104,0.11,0.85,0.07,0.4794,0.555,7.472,3.902,3.75,1.377,ripening,Basal Only,0.0,Monitor
87.94,54.62,44.02,25.81,83.77,6.11,230.19,6,0.02,0.6,0.25,0.556,0.353,10.735,8.45,3.056,0.868,establishment,Basal Only,0.0,Bio Control
70.23,36.72,41.86,21.67,80.81,6.97,200.16,1,0.1,0.44,0.03,0.3898,0.47,3.806,11.287,1.605,1.282,establishment,Basal Only,0.0,Bio Control
79.39,42.75,39.18,21.8,80.66,7.08,209.65,31,0.31,0.66,0.62,0.732,0.58,10.409,5.495,4.285,1.407,active_tillering,Delay,0.0,Pesticide
84.77,37.84,40.98,21.42,82.9,6.24,279.86,47,0.21,0.82,0.32,0.492,0.494,18.677,13.262,7.316,1.288,pre_flowering,Delay,0.0,Bio Control
82.13,40.11,40.0,23.93,84.78,6.24,297.7,43,0.38,0.61,0.36,0.629,0.577,11.294,10.035,1.224,0.741,panicle_initiation,Basal Only,0.0,Bio Control
90.01,44.13,37.86,23.95,83.76,7.44,241.49,79,0.15,0.77,0.71,0.583,0.314,12.238,11.698,3.755,1.293,grain_filling,Basal Only,0.0,Pesticide
84.06,51.26,34.93,22.19,80.56,6.06,198.64,64,0.17,0.37,0.53,0.601,0.51,5.529,6.295,4.697,1.858,flowering,Basal Only,0.0,Pesticide
80.56,45.81,34.87,26.49,80.21,6.2,219.13,55,0.38,0.82,0.01,0.41,0.6758,8.426,11.134,3.972,1.402,pre_flowering,Delay,0.0,Monitor
91.01,34.93,37.97,24.79,80.51,6.11,183.55,70,0.18,0.87,0.75,0.4391999999999999,0.46,9.512,4.906,3.642,1.633,flowering,Basal Only,0.0,Pesticide
69.28,36.68,42.25,23.04,83.33,7.09,249.09,32,0.05,0.79,0.19,0.69,0.317,9.77,11.249,1.981,1.093,active_tillering,Spray,3.0,Bio Control
78.82,34.45,43.8,26.51,84.69,7.0,186.0,75,0.07,0.98,0.09,0.7024,0.348,16.967,8.95,4.126,1.537,grain_filling,Basal Only,0.0,Monitor
99.54,56.71,34.76,26.84,81.21,5.94,275.26,55,0.19,0.88,0.61,0.791,0.4258,13.71,10.17,2.741,1.326,pre_flowering,Spray,2.0,Bio Control
84.22,40.99,43.22,21.18,82.76,6.25,230.35,49,0.09,0.93,0.4,0.5496000000000001,0.4128,6.198,7.972399999999999,0.734,0.772,pre_flowering,Spray,2.0,Bio Control
80.56,45.72,34.97,26.67,80.23,6.13,217.24,41,0.03,0.95,0.35,0.6172,0.59,12.309,5.536,5.472,1.343,panicle_initiation,Basal Only,0.0,Bio Control
91.5,34.79,37.9,24.84,80.5,6.1,183.22,63,0.36,0.86,0.2,0.4826,0.5047999999999999,13.442,7.6626,5.142,0.754,flowering,Basal Only,0.0,Bio Control
93.1,56.09,42.15,23.84,82.13,7.36,193.51,52,0.05,0.77,0.44,0.62,0.423,16.331,5.365,3.872,0.915,pre_flowering,Spray,2.0,Bio Control
61.24,50.99,35.91,22.53,82.78,6.04,257.83,91,0.46,0.3,0.22,0.7754000000000001,0.5217999999999999,18.312,9.882,4.121,1.285,grain_filling,Basal Only,0.0,Bio Control
77.54,35.48,44.27,26.46,84.69,7.07,182.43,38,0.41,0.63,0.72,0.402,0.506,6.632,4.025,5.304,1.334,panicle_initiation,Basal Only,0.0,Pesticide
98.52,56.01,35.1,21.82,80.17,6.42,281.51,33,0.08,0.7,0.17,0.5992,0.897,7.551,11.114,4.114,0.665,active_tillering,Spray,2.0,Bio Control
92.66,46.79,36.93,21.69,82.07,6.42,297.88,62,0.16,0.51,0.71,0.531,0.551,5.541,4.456,5.066,1.674,flowering,Basal Only,0.0,Pesticide
91.79,57.8,38.32,20.49,83.8,6.91,279.89,112,0.53,0.52,0.45,0.113,0.515,10.147,10.167,3.384,1.457,ripening,Basal Only,0.0,Bio Control
66.7,58.42,38.91,25.22,80.54,5.47,221.8,39,0.21,0.97,0.66,0.464,0.3856,13.299,10.402,5.637,0.883,panicle_initiation,Basal Only,0.0,Bio Control
91.57,35.27,40.11,22.18,80.33,6.26,201.9,54,0.56,0.92,0.57,0.5528000000000001,0.5976,15.643,6.17,4.249,0.508,pre_flowering,Delay,0.0,Bio Control
82.09,43.74,38.04,23.31,81.38,5.09,241.39,33,0.38,0.89,0.56,0.613,0.453,10.858,10.262,4.072,1.135,active_tillering,Delay,0.0,Bio Control
85.19,37.23,39.19,24.45,82.72,6.34,223.34,87,0.37,0.58,0.26,0.655,0.607,9.761,9.233,2.022,0.999,grain_filling,Basal Only,0.0,Bio Control
100.06,53.86,37.23,21.19,80.27,5.65,198.8,0,0.04,0.31,0.19,0.993,0.652,11.883,6.676,4.202,1.251,establishment,Basal Only,0.0,Bio Control
91.54,35.24,39.0,23.75,80.48,6.96,207.67,10,0.06,0.36,0.17,0.6970000000000002,0.339,7.442,5.173,2.635,1.037,establishment,Basal Only,0.0,Bio Control
97.67,47.44,36.89,23.48,81.41,7.39,224.29,113,0.34,0.52,0.69,0.6544,0.24,20.603,8.5036,2.906,0.297,ripening,Basal Only,0.0,Pesticide
59.49,51.33,36.07,22.75,82.68,6.03,254.41,51,0.27,0.31,0.66,0.382,0.149,3.966,9.519,2.658,1.025,pre_flowering,Delay,0.0,Pesticide
65.28,60.2,42.9,21.97,81.83,5.58,226.05,45,0.32,0.31,0.35,0.6878,0.571,12.031,3.393,2.307,1.062,pre_flowering,Delay,0.0,Bio Control
90.25,36.43,45.3,24.4,82.35,5.98,267.85,103,0.43,0.94,0.11,0.29,0.5016,20.306,8.705,6.775,1.485,ripening,Basal Only,0.0,Monitor
100.04,54.47,37.02,21.13,80.29,5.6,198.55,98,0.37,0.79,0.31,0.983,0.1,11.231,10.1176,5.664,0.886,grain_filling,Basal Only,0.0,Bio Control
91.67,35.55,37.95,24.89,80.52,6.15,186.91,40,0.13,0.52,0.5,0.839,0.55,10.345,10.573,6.489,1.955,panicle_initiation,Basal Only,0.0,Bio Control
82.73,41.26,43.03,21.02,82.57,6.4,230.83,29,0.3,0.39,0.36,0.477,0.929,9.591,9.026,2.088,0.34,tillering,Basal Only,0.0,Bio Control
91.03,34.93,39.8,22.15,80.27,6.28,200.92,31,0.07,0.66,0.62,0.203,0.4509999999999999,10.388,7.346,3.9,1.79,active_tillering,Spray,2.0,Pesticide
76.77,49.06,41.86,25.12,84.41,5.27,199.4,50,0.03,0.3,0.8,0.878,0.631,17.378,10.742,1.989,1.099,pre_flowering,Spray,3.0,Pesticide
65.93,60.48,38.18,22.14,83.49,6.36,235.46,51,0.38,0.96,0.15,0.555,0.495,1.247,9.472,2.826,1.587,pre_flowering,Delay,0.0,Monitor
67.7,58.67,40.9,21.92,80.98,6.02,212.69,87,0.16,0.59,0.37,0.852,0.462,18.1,9.412,2.515,1.236,grain_filling,Basal Only,0.0,Bio Control
98.1,41.15,35.84,24.53,82.7,6.74,183.37,17,0.18,0.58,0.34,0.229,0.645,4.792,9.902,5.535,1.713,tillering,Basal Only,0.0,Bio Control
96.66,58.84,43.08,26.33,84.06,6.27,272.29,2,0.1,0.57,0.24,0.448,0.428,10.0,10.815,3.245,1.026,establishment,Basal Only,0.0,Bio Control
85.0,58.01,41.18,21.89,80.28,7.02,226.98,35,0.44,0.35,0.16,0.581,0.528,9.268,8.4434,5.296,0.706,active_tillering,Delay,0.0,Bio Control
91.03,50.51,40.11,20.86,84.11,6.47,230.06,39,0.03,0.75,0.05,0.59,0.3202,13.848,10.36,4.646,1.839,panicle_initiation,Basal Only,0.0,Monitor
84.74,38.08,41.15,21.58,82.91,6.19,277.37,52,0.14,0.81,0.71,0.481,0.36,4.008,5.147,7.025,1.149,pre_flowering,Spray,2.0,Pesticide
85.35,37.02,38.89,24.57,82.83,6.39,220.52,39,0.42,0.77,0.34,0.717,0.4382,13.28,7.619,1.729,1.3,panicle_initiation,Basal Only,0.0,Bio Control
88.39,53.45,37.79,24.36,83.44,6.67,231.56,67,0.1,0.4,0.4,0.345,0.449,20.309,9.073,5.563,1.756,flowering,Basal Only,0.0,Bio Control
82.92,60.3,36.22,25.48,80.2,6.86,201.04,38,0.39,0.71,0.73,0.549,0.344,5.066,7.97,5.405,0.736,panicle_initiation,Basal Only,0.0,Pesticide
74.07,39.26,37.95,23.12,84.65,7.77,232.68,55,0.26,0.7,0.62,0.6428,0.32,12.054,8.2852,2.437,1.468,pre_flowering,Delay,0.0,Pesticide
60.29,43.87,43.96,21.03,82.87,7.46,301.76,68,0.46,0.91,0.1,0.5321999999999999,0.318,8.221,11.1116,5.21,0.935,flowering,Basal Only,0.0,Monitor
81.4,44.88,35.2,26.7,80.18,6.14,217.81,43,0.17,0.57,0.45,0.737,0.4710000000000001,13.116,11.862,4.271,1.141,panicle_initiation,Basal Only,0.0,Bio Control
63.36,45.09,43.08,25.85,83.64,5.55,209.24,102,0.32,0.56,0.35,0.5650000000000001,0.478,11.286,4.201,3.482,1.233,ripening,Basal Only,0.0,Bio Control
65.13,53.1,41.07,25.14,80.44,7.75,260.27,45,0.31,0.73,0.64,0.5532,0.675,8.313,11.217,2.646,0.525,pre_flowering,Delay,0.0,Pesticide
78.73,35.63,44.32,26.59,84.61,7.1,182.26,57,0.26,0.74,0.58,0.7462,0.565,13.395,12.653,2.793,0.85,flowering,Basal Only,0.0,Bio Control
88.19,54.96,44.9,24.46,80.49,7.76,252.82,53,0.08,0.63,0.55,0.4806,0.4995999999999999,19.32,9.85,6.67,1.808,pre_flowering,Spray,2.0,Bio Control
97.58,47.11,37.14,23.43,81.35,7.44,223.82,30,0.17,0.61,0.27,0.6315999999999999,0.627,10.341,11.891,3.801,1.599,active_tillering,Spray,2.0,Bio Control
83.88,41.24,43.01,20.97,82.72,6.25,234.49,34,0.4,0.65,0.64,0.921,0.73,14.439,14.839,4.895,1.172,active_tillering,Delay,0.0,Pesticide
78.07,58.07,44.04,26.74,80.91,5.13,284.78,52,0.18,0.9,0.04,0.605,0.58,5.38,9.5806,2.693,1.309,pre_flowering,Spray,3.0,Monitor
99.67,54.82,35.23,21.71,80.27,6.51,275.84,81,0.1,0.62,0.13,0.839,0.482,6.896,9.198,2.708,1.068,grain_filling,Basal Only,0.0,Bio Control
69.04,55.08,38.08,22.66,82.54,5.75,270.45,36,0.33,0.96,0.27,0.595,0.4876,13.326,11.744,5.315,1.81,panicle_initiation,Basal Only,0.0,Bio Control
75.17,54.43,38.08,25.46,83.55,7.09,216.38,118,0.31,0.65,0.06,0.6527999999999999,0.288,17.879,8.864,1.911,1.11,ripening,Basal Only,0.0,Bio Control
96.0,54.59,42.16,26.87,82.23,5.98,193.22,54,0.23,0.96,0.19,0.966,0.4665999999999999,12.8,8.476,3.219,1.304,pre_flowering,Delay,0.0,Monitor
84.86,52.05,44.95,26.21,82.35,7.22,266.23,48,0.2,0.88,0.66,0.525,0.37,9.791,8.7518,3.848,1.716,pre_flowering,Spray,2.0,Bio Control
88.55,34.72,39.88,23.6,83.58,5.85,291.98,49,0.5,0.55,0.76,0.6262000000000001,0.446,11.197,6.7018,3.956,0.85,pre_flowering,Delay,0.0,Pesticide
76.37,47.48,41.84,20.29,83.18,5.74,260.72,45,0.23,0.9,0.24,0.722,0.5038,5.573,5.781,3.549,1.901,pre_flowering,Delay,0.0,Monitor
94.78,52.39,39.71,20.19,82.93,5.73,243.72,32,0.2,0.38,0.21,0.881,0.4035999999999999,13.92,13.304,4.354,0.511,active_tillering,Spray,2.0,Bio Control
59.45,47.78,39.31,24.03,80.34,7.04,231.5,22,0.17,0.95,0.22,0.368,0.5650000000000001,15.17,8.3872,4.77,1.933,tillering,Basal Only,0.0,Monitor
93.39,56.15,35.84,23.99,82.05,6.99,187.55,19,0.1,0.74,0.22,0.731,0.568,9.166,3.922,4.828,1.032,tillering,Basal Only,0.0,Bio Control
97.6,36.63,44.97,22.34,81.94,7.0,278.81,113,0.15,0.34,0.03,0.813,0.492,9.085,7.566,2.42,1.091,ripening,Basal Only,0.0,Bio Control
81.0,42.97,37.96,23.48,81.41,5.14,244.12,33,0.16,0.75,0.74,0.6738,0.124,12.396,1.68,3.402,0.349,active_tillering,Spray,2.0,Pesticide
93.33,49.78,37.05,25.54,80.7,6.98,210.35,32,0.25,0.98,0.17,0.32,0.402,9.235,10.402,5.473,0.995,active_tillering,Delay,0.0,Monitor
88.84,44.75,38.12,23.88,83.81,7.46,243.41,116,0.08,0.35,0.34,0.692,0.5276,10.902,9.2088,5.053,0.732,ripening,Basal Only,0.0,Bio Control
59.85,54.42,45.13,21.36,83.33,5.9,288.43,1,0.04,0.69,0.01,0.521,0.262,20.649,6.504,1.878,0.927,establishment,Basal Only,0.0,Monitor
99.41,40.12,35.91,24.45,82.74,6.77,182.4,53,0.38,0.82,0.69,0.738,0.4858,10.088,8.795,4.292,1.138,pre_flowering,Delay,0.0,Pesticide
92.85,35.18,39.98,22.44,80.35,6.39,203.82,41,0.27,0.87,0.58,0.911,0.756,9.587,14.653,1.03,1.631,panicle_initiation,Basal Only,0.0,Bio Control
82.04,42.8,38.04,23.14,81.41,5.16,243.78,5,0.14,0.59,0.76,0.596,0.699,8.286,6.782,3.866,1.293,establishment,Basal Only,0.0,Pesticide
93.92,57.59,37.96,20.64,83.76,6.91,280.49,18,0.23,0.44,0.63,0.6242,0.442,14.549,5.011,6.457,1.338,tillering,Basal Only,0.0,Pesticide
65.22,60.28,38.24,22.13,83.53,6.36,229.64,27,0.28,0.33,0.25,0.4688,0.748,10.384,13.141,2.473,0.707,tillering,Basal Only,0.0,Bio Control
59.03,36.1,43.07,23.54,83.03,5.23,217.79,46,0.34,0.71,0.2,0.513,0.507,8.278,14.68,2.632,0.804,pre_flowering,Delay,0.0,Bio Control
97.97,46.77,37.11,23.49,81.22,7.36,224.54,50,0.43,0.62,0.56,0.5476,0.4906,17.146,8.412,4.87,2.009,pre_flowering,Delay,0.0,Pesticide
91.22,35.49,45.1,24.47,82.58,5.99,268.21,51,0.05,0.96,0.29,0.664,0.4427999999999999,17.588,11.637,1.64,0.869,pre_flowering,Spray,2.0,Bio Control
92.98,58.35,38.17,20.58,83.87,6.92,278.54,67,0.25,0.34,0.45,0.573,0.3824000000000001,8.498,12.693,2.914,1.945,flowering,Basal Only,0.0,Pesticide
81.83,58.26,45.03,25.78,83.43,5.9,245.89,117,0.43,0.78,0.01,0.6872,0.41,2.801,8.6904,4.635,1.091,ripening,Basal Only,0.0,Monitor
75.95,39.96,42.81,25.12,83.17,5.06,233.99,74,0.24,0.32,0.05,0.56,0.5408000000000001,15.734,6.847,2.912,1.201,grain_filling,Basal Only,0.0,Bio Control
90.26,36.74,45.06,24.51,82.42,5.96,269.12,53,0.11,0.42,0.43,0.293,0.509,8.119,12.339,3.47,1.682,pre_flowering,Spray,2.0,Bio Control
91.38,35.57,44.9,24.41,82.47,5.91,266.1,32,0.3,0.62,0.45,0.727,0.481,14.758,13.792,4.842,1.772,active_tillering,Delay,0.0,Bio Control
66.21,59.39,37.92,22.12,83.49,6.38,231.55,47,0.23,0.62,0.6,0.661,0.559,2.335,10.201,4.39,1.15,pre_flowering,Delay,0.0,Pesticide
78.47,42.72,39.09,21.66,80.69,6.95,209.49,55,0.71,0.78,0.11,0.5812,0.694,15.217,5.585,4.174,1.025,pre_flowering,Delay,0.0,Bio Control
75.71,59.98,39.18,20.16,80.29,6.76,207.95,33,0.3,0.94,0.41,0.467,0.5038,5.75,14.759,3.325,1.175,active_tillering,Delay,0.0,Bio Control
63.4,45.1,43.0,25.62,83.48,5.48,209.22,31,0.03,0.75,0.16,0.347,0.213,14.488,6.701,4.318,1.352,active_tillering,Spray,3.0,Bio Control
90.96,55.9,37.05,23.26,80.5,6.41,268.72,71,0.17,0.97,0.07,0.566,0.1,11.264,5.4398,3.627,1.601,grain_filling,Basal Only,0.0,Monitor
94.54,50.14,37.25,25.79,80.6,6.98,207.53,79,0.22,0.92,0.33,0.7108000000000001,0.3788,6.907,9.495,4.441,1.202,grain_filling,Basal Only,0.0,Bio Control
64.44,59.5,43.04,21.88,81.89,5.68,227.15,31,0.29,0.71,0.13,0.363,0.4916,9.368,13.373,3.104,1.478,active_tillering,Delay,0.0,Bio Control
99.29,55.58,35.39,21.66,80.19,6.56,277.04,79,0.22,0.88,0.18,0.5698000000000001,0.44,14.288,11.133,3.544,1.937,grain_filling,Basal Only,0.0,Monitor
92.7,46.97,37.08,21.47,82.19,6.47,291.12,71,0.46,0.75,0.25,0.5244,0.269,11.677,6.866199999999999,2.414,1.372,grain_filling,Basal Only,0.0,Bio Control
93.55,53.45,39.74,20.41,83.0,5.78,245.34,35,0.17,0.35,0.21,0.406,0.156,13.83,9.883,3.751,1.34,active_tillering,Spray,2.0,Bio Control
92.94,56.14,42.11,23.64,82.18,7.42,196.88,120,0.63,0.82,0.07,0.556,0.577,20.094,8.539,2.665,0.516,ripening,Basal Only,0.0,Monitor
98.41,55.18,35.06,22.04,80.26,6.49,277.35,30,0.11,0.37,0.07,0.352,0.617,4.161,9.0628,2.24,0.1,active_tillering,Spray,2.0,Bio Control
77.69,42.23,42.19,20.24,81.64,7.67,262.75,31,0.13,0.72,0.15,0.4842000000000001,0.376,18.477,0.305,4.162,1.375,active_tillering,Spray,3.0,Bio Control
85.32,59.18,35.1,25.81,82.15,6.91,241.59,103,0.16,0.79,0.04,0.316,0.1,11.67,7.451,4.098,1.157,ripening,Basal Only,0.0,Monitor
70.12,37.26,41.98,23.05,83.38,7.04,253.84,51,0.09,0.35,0.5,0.4934,0.382,7.155,9.172,4.896,0.968,pre_flowering,Spray,3.0,Pesticide
88.02,46.53,41.82,22.71,83.52,6.58,197.38,82,0.03,0.46,0.23,0.7150000000000001,0.551,5.214,4.717,3.196,1.31,grain_filling,Basal Only,0.0,Bio Control
77.6,40.08,37.97,26.52,83.89,7.53,248.48,36,0.65,0.94,0.22,0.426,0.214,10.349,9.636,4.371,1.173,panicle_initiation,Basal Only,0.0,Bio Control
76.12,49.28,41.87,25.02,84.39,5.17,198.63,31,0.22,0.73,0.27,0.627,0.513,15.347,8.197,4.571,1.708,active_tillering,Delay,0.0,Bio Control
77.94,34.96,43.91,26.6,84.74,7.12,183.91,91,0.36,0.47,0.53,0.555,0.477,10.626,14.018,4.423,1.239,grain_filling,Basal Only,0.0,Pesticide
94.87,52.58,36.09,26.24,83.9,5.53,284.32,1,0.16,0.78,0.7,0.531,0.584,18.0,13.434,2.644,0.864,establishment,Basal Only,0.0,Pesticide
63.35,43.73,41.25,24.15,83.67,5.6,256.36,16,0.16,0.72,0.61,0.715,0.502,4.67,6.909,4.009,1.646,tillering,Basal Only,0.0,Bio Control
76.43,60.72,39.06,20.03,80.35,6.75,208.8,40,0.1,0.65,0.58,0.747,0.305,11.146,9.284400000000002,4.31,1.102,panicle_initiation,Basal Only,0.0,Bio Control
59.7,47.98,38.82,24.26,80.35,6.98,230.34,107,0.15,0.98,0.39,0.5824,0.695,5.564,8.281600000000001,3.81,1.437,ripening,Basal Only,0.0,Bio Control
77.67,57.43,44.07,26.91,80.87,5.12,284.08,0,0.53,0.78,0.56,0.453,0.451,12.836,6.955,0.879,0.985,establishment,Basal Only,0.0,Bio Control
83.84,51.05,35.18,22.36,80.72,5.97,197.83,34,0.07,0.56,0.44,0.519,0.506,15.191,9.024,4.025,0.908,active_tillering,Spray,2.0,Bio Control
75.69,37.73,35.91,21.57,80.36,5.95,224.42,107,0.07,0.86,0.17,0.6411999999999999,0.312,9.307,5.973,6.898,1.238,ripening,Basal Only,0.0,Monitor
84.14,38.34,40.98,21.65,82.73,6.2,276.74,26,0.12,0.92,0.17,0.247,0.3462,0.1,4.782,3.296,1.206,tillering,Basal Only,0.0,Monitor
93.78,57.74,38.0,20.63,83.67,7.0,277.81,84,0.65,0.39,0.24,0.881,0.321,12.095,7.256600000000001,2.781,1.416,grain_filling,Basal Only,0.0,Bio Control
77.93,37.82,35.88,21.86,80.21,5.99,223.38,113,0.22,0.44,0.73,0.5478,0.449,13.165,7.907000000000001,4.323,1.079,ripening,Basal Only,0.0,Pesticide
89.86,43.24,38.1,23.8,83.94,7.48,239.09,34,0.38,0.45,0.44,0.5698000000000001,0.788,13.019,5.826,4.237,0.374,active_tillering,Delay,0.0,Pesticide
91.33,35.82,44.98,24.56,82.44,6.0,269.58,55,0.49,0.78,0.59,0.707,0.233,16.761,11.265,5.47,1.005,pre_flowering,Delay,0.0,Bio Control
95.18,51.03,36.06,26.32,83.94,5.51,283.05,31,0.19,0.72,0.28,0.692,0.19,6.38,9.334,2.039,1.557,active_tillering,Spray,2.0,Bio Control
92.75,49.36,39.87,20.75,84.04,6.48,232.12,49,0.14,0.73,0.33,1.257,0.745,14.261,9.21,4.824,1.066,pre_flowering,Spray,2.0,Bio Control
91.64,50.3,39.93,20.87,84.18,6.47,232.5,118,0.4,0.96,0.1,0.826,0.442,16.566,11.025,4.627,1.089,ripening,Basal Only,0.0,Monitor
82.93,58.32,45.11,25.66,83.47,5.88,245.17,39,0.13,0.84,0.14,0.552,0.36,3.196,8.292,3.601,1.644,panicle_initiation,Basal Only,0.0,Monitor
66.46,59.17,40.94,21.81,81.1,6.06,209.09,84,0.42,0.39,0.66,0.37,0.4956,12.638,9.855,4.274,0.88,grain_filling,Basal Only,0.0,Pesticide
88.09,53.61,38.26,24.45,83.68,6.71,229.85,57,0.15,0.54,0.47,0.227,0.3338,8.931,6.747,5.241,0.506,flowering,Basal Only,0.0,Bio Control
90.12,45.98,41.94,24.06,81.4,7.51,249.98,35,0.12,0.6,0.27,0.7175999999999999,0.809,10.833,7.771,5.021,1.128,active_tillering,Spray,2.0,Bio Control
89.57,42.0,43.03,20.97,81.96,6.44,201.28,34,0.19,0.58,0.64,0.414,0.602,12.765,7.741,2.2,0.982,active_tillering,Spray,2.0,Pesticide
90.19,35.54,45.14,24.49,82.52,5.92,267.13,65,0.25,0.77,0.2,0.267,0.5024,9.007,6.011,4.948,0.765,flowering,Basal Only,0.0,Bio Control
89.63,42.6,42.79,20.95,81.97,6.5,205.45,24,0.15,0.92,0.78,0.5582,0.6639999999999999,8.159,7.834,3.709,1.121,tillering,Basal Only,0.0,Pesticide
97.39,53.35,37.74,20.32,81.64,5.02,271.53,42,0.05,0.51,0.28,0.342,0.404,11.354,3.444,3.902,1.421,panicle_initiation,Basal Only,0.0,Bio Control
88.96,45.91,41.77,22.62,83.47,6.56,192.75,113,0.4,0.69,0.27,0.951,0.614,6.307,6.828,3.902,1.196,ripening,Basal Only,0.0,Bio Control
74.5,39.01,38.19,23.28,84.45,7.87,230.43,118,0.02,0.85,0.25,0.774,0.534,6.314,7.488,3.59,1.338,ripening,Basal Only,0.0,Bio Control
81.0,53.08,41.92,23.76,81.03,5.23,233.17,22,0.24,0.59,0.1,0.578,0.714,14.257,7.58,5.468,2.016,tillering,Basal Only,0.0,Bio Control
90.84,41.18,43.38,20.95,81.95,6.52,202.59,44,0.87,0.42,0.09,0.906,0.4506,6.03,9.6306,3.683,1.046,panicle_initiation,Basal Only,0.0,Bio Control
60.04,47.9,38.92,24.4,80.26,7.04,231.9,35,0.37,0.63,0.52,0.597,0.486,14.198,8.202,2.233,1.325,active_tillering,Delay,0.0,Bio Control
71.51,39.73,38.03,20.49,82.31,7.58,244.27,50,0.29,0.34,0.7,0.391,0.3612,13.282,9.934,3.249,0.971,pre_flowering,Delay,0.0,Pesticide
70.86,35.6,42.23,21.88,80.64,6.91,203.22,72,0.38,0.96,0.63,0.915,0.4886,3.434,11.198,4.05,0.819,grain_filling,Basal Only,0.0,Bio Control
93.31,57.89,38.3,20.72,83.83,6.94,282.72,17,0.13,0.35,0.11,0.699,0.358,8.151,6.321,5.521,0.937,tillering,Basal Only,0.0,Bio Control
68.41,46.72,41.31,23.64,80.27,5.02,264.45,35,0.34,0.61,0.44,0.352,0.4968,16.573,7.595000000000001,4.644,0.985,active_tillering,Delay,0.0,Bio Control
75.89,40.26,43.18,25.07,83.1,5.02,231.31,20,0.1,0.67,0.08,0.538,0.416,6.785,5.065,2.609,1.362,tillering,Basal Only,0.0,Monitor
80.5,44.77,35.15,26.51,80.18,6.17,218.62,54,0.23,0.99,0.04,0.7183999999999999,0.5172000000000001,9.11,9.2872,7.279,2.257,pre_flowering,Delay,0.0,Monitor
98.22,54.23,37.09,21.07,80.36,5.59,198.09,45,0.16,0.42,0.53,0.276,0.5035999999999999,13.279,7.274,4.171,0.878,pre_flowering,Spray,2.0,Pesticide
